address_id,address,district, city,postal_code,phone
1,47 MySakila Drive,Alberta,Lethbridge,,
2,28 MySQL Boulevard,QLD,Woodridge,,
3,23 Workhaven Lane,Alberta,Lethbridge,,14033335568
4,1411 Lillydale Drive,QLD,Woodridge,,6172235589
5,1913 Hanoi Way,Nagasaki,Sasebo,35200,28303384290
6,1121 Loja Avenue,California,San Bernardino,17886,838635286649
7,692 Joliet Street,Attika,Athenai,83579,448477190408
8,1566 Inegl Manor,Mandalay,Myingyan,53561,705814003527
9,53 Idfu Parkway,Nantou,Nantou,42399,10655648674
10,1795 Santiago de Compostela Way,Texas,Laredo,18743,860452626434
11,900 Santiago de Compostela Parkway,Central Serbia,Kragujevac,93896,716571220373
12,478 Joliet Way,Hamilton,Hamilton,77948,657282285970
13,613 Korolev Drive,Masqat,Masqat,45844,380657522649
14,1531 Sal Drive,Esfahan,Esfahan,53628,648856936185
15,1542 Tarlac Parkway,Kanagawa,Sagamihara,1027,635297277345
16,808 Bhopal Manor,Haryana,Yamuna Nagar,10672,465887807014
17,270 Amroha Parkway,Osmaniye,Osmaniye,29610,695479687538
18,770 Bydgoszcz Avenue,California,Citrus Heights,16266,517338314235
19,419 Iligan Lane,Madhya Pradesh,Bhopal,72878,990911107354
20,360 Toulouse Parkway,England,Southend-on-Sea,54308,949312333307
21,270 Toulon Boulevard,Kalmykia,Elista,81766,407752414682
22,320 Brest Avenue,Kaduna,Kaduna,43331,747791594069
23,1417 Lancaster Avenue,Northern Cape,Kimberley,72192,272572357893
24,1688 Okara Way,Nothwest Border Prov,Mardan,21954,144453869132
25,262 A Corua (La Corua) Parkway,Dhaka,Tangail,34418,892775750063
26,28 Charlotte Amalie Street,Rabat-Sal-Zammour-Z,Sal,37551,161968374323
27,1780 Hino Boulevard,Liepaja,Liepaja,7716,902731229323
28,96 Tafuna Way,Crdoba,Crdoba,99865,934730187245
29,934 San Felipe de Puerto Plata Street,Sind,Shikarpur,99780,196495945706
30,18 Duisburg Boulevard,,Citt del Vaticano,58327,998009777982
31,217 Botshabelo Place,Southern Mindanao,Davao,49521,665356572025
32,1425 Shikarpur Manor,Bihar,Munger (Monghyr),65599,678220867005
33,786 Aurora Avenue,Yamaguchi,Shimonoseki,65750,18461860151
34,1668 Anpolis Street,Taipei,Lungtan,50199,525255540978
35,33 Gorontalo Way,West Bengali,Kamarhati,30348,745994947458
36,176 Mandaluyong Place,Uttar Pradesh,Jhansi,65213,627705991774
37,127 Purnea (Purnia) Manor,Piemonte,Alessandria,79388,911872220378
38,61 Tama Street,Okayama,Kurashiki,94065,708403338270
39,391 Callao Drive,Midi-Pyrnes,Toulouse,34021,440512153169
40,334 Munger (Monghyr) Lane,Markazi,Arak,38145,481183273622
41,1440 Fukuyama Loop,Henan,Nanyang,47929,912257250465
42,269 Cam Ranh Parkway,Chisinau,Chisinau,34689,489783829737
43,306 Antofagasta Place,Esprito Santo,Vila Velha,3989,378318851631
44,671 Graz Street,Oriental,Nador,94399,680768868518
45,42 Brindisi Place,Yerevan,Yerevan,16744,42384721397
46,1632 Bislig Avenue,Nonthaburi,Pak Kret,61117,471675840679
47,1447 Imus Way,Tahiti,Faaa,48942,539758313890
48,1998 Halifax Drive,Lipetsk,Lipetsk,76022,177727722820
49,1718 Valencia Street,Antofagasta,Antofagasta,37359,675292816413
50,46 Pjatigorsk Lane,Moscow (City),Moscow,23616,262076994845
51,686 Garland Manor,Cear,Juazeiro do Norte,52535,69493378813
52,909 Garland Manor,Tatarstan,Niznekamsk,69367,705800322606
53,725 Isesaki Place,Mekka,Jedda,74428,876295323994
54,115 Hidalgo Parkway,Khartum,Omdurman,80168,307703950263
55,1135 Izumisano Parkway,California,Fontana,48150,171822533480
56,939 Probolinggo Loop,Galicia,A Corua (La Corua),4166,680428310138
57,17 Kabul Boulevard,Chiba,Nagareyama,38594,697760867968
58,1964 Allappuzha (Alleppey) Street,Yamaguchi,Iwakuni,48980,920811325222
59,1697 Kowloon and New Kowloon Loop,Moskova,Balaiha,57807,499352017190
60,1668 Saint Louis Place,Tahiti,Papeete,39072,347487831378
61,943 Tokat Street,Vaduz,Vaduz,45428,889318963672
62,1114 Liepaja Street,Sarawak,Kuching,69226,212869228936
63,1213 Ranchi Parkway,Karnataka,Mysore,94352,800024380485
64,81 Hodeida Way,Rajasthan,Jaipur,55561,250767749542
65,915 Ponce Place,Basel-Stadt,Basel,83980,1395251317
66,1717 Guadalajara Lane,Missouri,Saint Louis,85505,914090181665
67,1214 Hanoi Way,Nebraska,Lincoln,67055,491001136577
68,1966 Amroha Avenue,Sichuan,Daxian,70385,333489324603
69,698 Otsu Street,Cayenne,Cayenne,71110,409983924481
70,1150 Kimchon Manor,Skne ln,Malm,96109,663449333709
71,1586 Guaruj Place,Hunan,Xiangtan,5135,947233365992
72,57 Arlington Manor,Madhya Pradesh,Shivapuri,48960,990214419142
73,1031 Daugavpils Parkway,Bchar,Bchar,59025,107137400143
74,1124 Buenaventura Drive,Mekka,al-Hawiya,6856,407733804223
75,492 Cam Ranh Street,Eastern Visayas,Baybay,50805,565018274456
76,89 Allappuzha (Alleppey) Manor,National Capital Reg,Taguig,75444,255800440636
77,1947 Poos de Caldas Boulevard,Chiayi,Chiayi,60951,427454485876
78,1206 Dos Quebradas Place,So Paulo,Rio Claro,20207,241832790687
79,1551 Rampur Lane,Changhwa,Changhwa,72394,251164340471
80,602 Paarl Street,Pavlodar,Pavlodar,98889,896314772871
81,1692 Ede Loop,So Paulo,Araatuba,9223,918711376618
82,936 Salzburg Lane,Uttar Pradesh,Rae Bareli,96709,875756771675
83,586 Tete Way,Kanagawa,Kamakura,1079,18581624103
84,1888 Kabul Drive,Oyo & Osun,Ife,20936,701457319790
85,320 Baiyin Parkway,Mahajanga,Mahajanga,37307,223664661973
86,927 Baha Blanca Parkway,Krim,Simferopol,9495,821972242086
87,929 Tallahassee Loop,Gauteng,Springs,74671,800716535041
88,125 Citt del Vaticano Boulevard,Puebla,Atlixco,67912,48417642933
89,1557 Ktahya Boulevard,England,Bradford,88002,720998247660
90,870 Ashqelon Loop,Songkhla,Songkhla,84931,135117278909
91,1740 Portoviejo Avenue,Sucre,Sincelejo,29932,198123170793
92,1942 Ciparay Parkway,Cheju,Cheju,82624,978987363654
93,1926 El Alto Avenue,Buenos Aires,La Plata,75543,846225459260
94,1952 Chatsworth Drive,Guangdong,Meixian,25958,991562402283
95,1370 Le Mans Avenue,Brunei and Muara,Bandar Seri Begawan,52163,345679835036
96,984 Effon-Alaiye Avenue,Gois,Goinia,17119,132986892228
97,832 Nakhon Sawan Manor,Inner Mongolia,Zalantun,49021,275595571388
98,152 Kitwe Parkway,Caraga,Bislig,53182,835433605312
99,1697 Tanauan Lane,Punjab,Pathankot,22870,4764773857
100,1308 Arecibo Way,Georgia,Augusta-Richmond County,30695,6171054059
101,1599 Plock Drive,Tete,Tete,71986,817248913162
102,669 Firozabad Loop,Abu Dhabi,al-Ayn,92265,412903167998
103,588 Vila Velha Manor,Kyongsangbuk,Kimchon,51540,333339908719
104,1913 Kamakura Place,Lipetsk,Jelets,97287,942570536750
105,733 Mandaluyong Place,Asir,Abha,77459,196568435814
106,659 Vaduz Drive,Ha Darom,Ashdod,49708,709935135487
107,1177 Jelets Way,Kwara & Kogi,Ilorin,3305,484292626944
108,1386 Yangor Avenue,Provence-Alpes-Cte,Toulon,80720,449216226468
109,454 Nakhon Sawan Boulevard,Funafuti,Funafuti,76383,963887147572
110,1867 San Juan Bautista Tuxtepec Avenue,Ivanovo,Ivanovo,78311,547003310357
111,1532 Dzerzinsk Way,Buenos Aires,Merlo,9599,330838016880
112,1002 Ahmadnagar Manor,Mxico,Huixquilucan,93026,371490777743
113,682 Junan Way,North West,Klerksdorp,30418,622255216127
114,804 Elista Drive,Hubei,Enshi,61069,379804592943
115,1378 Alvorada Avenue,Distrito Federal,Caracas,75834,272234298332
116,793 Cam Ranh Avenue,California,Lancaster,87057,824370924746
117,1079 Tel Aviv-Jaffa Boulevard,Sucre,Cuman,10885,358178933857
118,442 Rae Bareli Place,Nordrhein-Westfalen,Duisburg,24321,886636413768
119,1107 Nakhon Sawan Avenue,Mxico,Nezahualcyotl,75149,867546627903
120,544 Malm Parkway,Central Java,Pemalang,63502,386759646229
121,1967 Sincelejo Place,Gujarat,Gandhinagar,73644,577812616052
122,333 Goinia Way,Texas,Grand Prairie,78625,909029256431
123,1987 Coacalco de Berriozbal Loop,al-Qalyubiya,Shubra al-Khayma,96065,787654415858
124,241 Mosul Lane,Risaralda,Dos Quebradas,76157,765345144779
125,211 Chiayi Drive,Uttar Pradesh,Etawah,58186,665993880048
126,1175 Tanauan Way,Lima,Lima,64615,937222955822
127,117 Boa Vista Way,Uttar Pradesh,Varanasi (Benares),6804,677976133614
128,848 Tafuna Manor,Ktahya,Ktahya,45142,614935229095
129,569 Baicheng Lane,Gauteng,Boksburg,60304,490211944645
130,1666 Qomsheh Drive,So Paulo,Po,66255,582835362905
131,801 Hagonoy Drive,Smolensk,Smolensk,8439,237426099212
132,1050 Garden Grove Avenue,Slaskie,Jastrzebie-Zdrj,4999,973047364353
133,1854 Tieli Street,Shandong,Liaocheng,15819,509492324775
134,758 Junan Lane,Gois,guas Lindas de Gois,82639,935448624185
135,1752 So Leopoldo Parkway,Taka-Karpatia,Mukateve,14014,252265130067
136,898 Belm Manor,Free State,Botshabelo,49757,707169393853
137,261 Saint Louis Way,Coahuila de Zaragoza,Torren,83401,321944036800
138,765 Southampton Drive,al-Qalyubiya,Qalyub,4285,23712411567
139,943 Johannesburg Avenue,Maharashtra,Pune,5892,90921003005
140,788 Atinsk Street,Karnataka,Hubli-Dharwad,81691,146497509724
141,1749 Daxian Place,Gelderland,Apeldoorn,11044,963369996279
142,1587 Sullana Lane,Inner Mongolia,Hohhot,85769,468060467018
143,1029 Dzerzinsk Manor,Ynlin,Touliu,57519,33173584456
144,1666 Beni-Mellal Place,Tennessee,Clarksville,13377,9099941466
145,928 Jaffna Loop,Hiroshima,Fukuyama,93762,581852137991
146,483 Ljubertsy Parkway,Scotland,Dundee,60562,581174211853
147,374 Bat Yam Boulevard,Kilis,Kilis,97700,923261616249
148,1027 Songkhla Manor,Minsk,Molodetno,30861,563660187896
149,999 Sanaa Loop,Gauteng,Soshanguve,3439,918032330119
150,879 Newcastle Way,Michigan,Sterling Heights,90732,206841104594
151,1337 Lincoln Parkway,Saitama,Urawa,99457,597815221267
152,1952 Pune Lane,Saint-Denis,Saint-Denis,92150,354615066969
153,782 Mosul Street,Massachusetts,Brockton,25545,885899703621
154,781 Shimonoseki Drive,Michoacn de Ocampo,Hidalgo,95444,632316273199
155,1560 Jelets Boulevard,Shandong,Laiwu,77777,189446090264
156,1963 Moscow Place,Assam,Nagaon,64863,761379480249
157,456 Escobar Way,Jakarta Raya,Jakarta,36061,719202533520
158,798 Cianjur Avenue,Shanxi,Yuncheng,76990,499408708580
159,185 Novi Sad Place,Bern,Bern,41778,904253967161
160,1367 Yantai Manor,Ondo & Ekiti,Ondo,21294,889538496300
161,1386 Nakhon Sawan Boulevard,Pyongyang-si,Pyongyang,53502,368899174225
162,369 Papeete Way,North Carolina,Greensboro,66639,170117068815
163,1440 Compton Place,North Austria,Linz,81037,931059836497
164,1623 Baha Blanca Manor,Moskova,Ljubertsy,81511,149981248346
165,97 Shimoga Avenue,Tel Aviv,Tel Aviv-Jaffa,44660,177167004331
166,1740 Le Mans Loop,Pays de la Loire,Le Mans,22853,168476538960
167,1287 Xiangfan Boulevard,Gifu,Kakamigahara,57844,819416131190
168,842 Salzburg Lane,Adana,Tarsus,3313,697151428760
169,154 Tallahassee Loop,Xinxiang,Hami,62250,935508855935
170,710 San Felipe del Progreso Avenue,Lilongwe,Lilongwe,76901,843801144113
171,1540 Wroclaw Drive,Maharashtra,Chandrapur,62686,182363341674
172,475 Atinsk Way,Gansu,Jinchang,59571,201705577290
173,1294 Firozabad Drive,Jiangxi,Pingxiang,70618,161801569569
174,1877 Ezhou Lane,Rajasthan,Udaipur,63337,264541743403
175,316 Uruapan Street,Perak,Ipoh,58194,275788967899
176,29 Pyongyang Loop,Batman,Batman,47753,734780743462
177,1010 Klerksdorp Way,Steiermark,Graz,6802,493008546874
178,1848 Salala Boulevard,Miranda,Ocumare del Tuy,25220,48265851133
179,431 Xiangtan Avenue,Kerala,Allappuzha (Alleppey),4854,230250973122
180,757 Rustenburg Avenue,Skikda,Skikda,89668,506134035434
181,146 Johannesburg Way,Tamaulipas,Matamoros,54132,953689007081
182,1891 Rizhao Boulevard,So Paulo,Santa Brbara dOeste,47288,391065549876
183,1089 Iwatsuki Avenue,Kirov,Kirovo-Tepetsk,35109,866092335135
184,1410 Benin City Parkway,Risaralda,Pereira,29747,104150372603
185,682 Garden Grove Place,Tennessee,Memphis,67497,72136330362
186,533 al-Ayn Boulevard,California,Compton,8862,662227486184
187,1839 Szkesfehrvr Parkway,Gois,Luzinia,55709,947468818183
188,741 Ambattur Manor,Noord-Brabant,s-Hertogenbosch,43310,302590383819
189,927 Barcelona Street,Chaharmahal va Bakht,Shahr-e Kord,65121,951486492670
190,435 0 Way,West Bengali,Haldia,74750,760171523969
191,140 Chiayi Parkway,Sumy,Sumy,38982,855863906434
192,1166 Changhwa Street,Caraga,Bayugan,58852,650752094490
193,891 Novi Sad Manor,Ontario,Oshawa,5379,247646995453
194,605 Rio Claro Parkway,Tabora,Tabora,49348,352469351088
195,1077 San Felipe de Puerto Plata Place,Rostov-na-Donu,Novoterkassk,65387,812824036424
196,9 San Miguel de Tucumn Manor,Uttar Pradesh,Firozabad,90845,956188728558
197,447 Surakarta Loop,Nyanza,Kisumu,10428,940830176580
198,345 Oshawa Boulevard,Tokyo-to,Hino,32114,104491201771
199,1792 Valle de la Pascua Place,Nordrhein-Westfalen,Siegen,15540,419419591240
200,1074 Binzhou Manor,Baden-Wrttemberg,Mannheim,36490,331132568928
201,817 Bradford Loop,Jiangsu,Changzhou,89459,264286442804
202,955 Bamenda Way,Ondo & Ekiti,Ikerre,1545,768481779568
203,1149 A Corua (La Corua) Boulevard,Haiphong,Haiphong,95824,470884141195
204,387 Mwene-Ditu Drive,Ahal,Ashgabat,8073,764477681869
205,68 Molodetno Manor,Nordrhein-Westfalen,Witten,4662,146640639760
206,642 Nador Drive,Maharashtra,Bhusawal,3924,369050085652
207,1688 Nador Lane,Sulawesi Utara,Gorontalo,61613,652218196731
208,1215 Pyongyang Parkway,Usak,Usak,25238,646237101779
209,1679 Antofagasta Street,Alto Paran,Ciudad del Este,86599,905903574913
210,1304 s-Hertogenbosch Way,Santa Catarina,Blumenau,10925,90336226227
211,850 Salala Loop,Kitaa,Nuuk,10800,403404780639
212,624 Oshawa Boulevard,West Bengali,Balurghat,89959,49677664184
213,43 Dadu Avenue,Rajasthan,Bhilwara,4855,95666951770
214,751 Lima Loop,Aden,Aden,99405,756460337785
215,1333 Haldia Street,Jilin,Fuyu,82161,408304391718
216,660 Jedda Boulevard,Washington,Bellevue,25053,168758068397
217,1001 Miyakonojo Lane,Taizz,Taizz,67924,584316724815
218,226 Brest Manor,California,Sunnyvale,2299,785881412500
219,1229 Valencia Parkway,Haskovo,Stara Zagora,99124,352679173732
220,1201 Qomsheh Manor,Gois,Aparecida de Goinia,21464,873492228462
221,866 Shivapuri Manor,Uttar Pradesh,Sambhal,22474,778502731092
222,1168 Najafabad Parkway,Kabol,Kabul,40301,886649065861
223,1244 Allappuzha (Alleppey) Place,Buenos Aires,Vicente Lpez,20657,991802825778
224,1842 Luzinia Boulevard,Zanzibar West,Zanzibar,94420,706878974831
225,1926 Gingoog Street,Sisilia,Syrakusa,22824,469738825391
226,810 Palghat (Palakkad) Boulevard,Jaroslavl,Jaroslavl,73431,516331171356
227,1820 Maring Parkway,Punjab,Mandi Bahauddin,88307,99760893676
228,60 Poos de Caldas Street,Rajasthan,Jodhpur,82338,963063788669
229,1014 Loja Manor,Tamil Nadu,Ambattur,66851,460795526514
230,201 Effon-Alaiye Way,Asuncin,Asuncin,64344,684192903087
231,430 Alessandria Loop,Saarland,Saarbrcken,47446,669828224459
232,754 Valencia Place,Phnom Penh,Phnom Penh,87911,594319417514
233,356 Olomouc Manor,Gois,Anpolis,93323,22326410776
234,1256 Bislig Boulevard,Botosani,Botosani,50598,479007229460
235,954 Kimchon Place,West Bengali,Uttarpara-Kotrung,42420,541327526474
236,885 Yingkou Manor,Kaduna,Zaria,31390,588964509072
237,1736 Cavite Place,Qina,Idfu,98775,431770603551
238,346 Skikda Parkway,Hawalli,Jalib al-Shuyukh,90628,630424482919
239,98 Stara Zagora Boulevard,Valle,Buenaventura,76448,610173756082
240,1479 Rustenburg Boulevard,Southern Tagalog,Tanza,18727,727785483194
241,647 A Corua (La Corua) Street,Chollanam,Naju,36971,792557457753
242,1964 Gijn Manor,Karnataka,Shimoga,14408,918119601885
243,47 Syktyvkar Lane,West Java,Ciomas,22236,63937119031
244,1148 Saarbrcken Parkway,Fukushima,Iwaki,1921,137773001988
245,1103 Bilbays Parkway,Hubei,Xiangfan,87660,279979529227
246,1246 Boksburg Parkway,Hebei,Qinhuangdao,28349,890283544295
247,1483 Pathankot Street,Tucumn,San Miguel de Tucumn,37288,686015532180
248,582 Papeete Loop,Central Visayas,Lapu-Lapu,27722,569868543137
249,300 Junan Street,Kyonggi,Uijongbu,81314,890289150158
250,829 Grand Prairie Way,Paran,Maring,6461,741070712873
251,1473 Changhwa Parkway,Mxico,Coacalco de Berriozbal,75933,266798132374
252,1309 Weifang Street,Florida,Tallahassee,57338,435785045362
253,1760 Oshawa Manor,Tianjin,Tianjin,38140,56257502250
254,786 Stara Zagora Way,Oyo & Osun,Oyo,98332,716256596301
255,1966 Tonghae Street,Anhalt Sachsen,Halle/Saale,36481,567359279425
256,1497 Yuzhou Drive,England,London,3433,246810237916
258,752 Ondo Loop,Miyazaki,Miyakonojo,32474,134673576619
259,1338 Zalantun Lane,Minas Gerais,Poos de Caldas,45403,840522972766
260,127 Iwakuni Boulevard,Central Luzon,Hagonoy,20777,987442542471
261,51 Laredo Avenue,Sagaing,Monywa,68146,884536620568
262,771 Yaound Manor,Sofala,Beira,86768,245477603573
263,532 Toulon Street,Santiago,Santiago de los Caballeros,69517,46871694740
264,1027 Banjul Place,West Bengali,Halisahar,50390,538241037443
265,1158 Mandi Bahauddin Parkway,Shanxi,Datong,98484,276555730211
266,862 Xintai Lane,Cagayan Valley,Tuguegarao,30065,265153400632
267,816 Cayenne Parkway,Manab,Portoviejo,93629,282874611748
268,1831 Nam Dinh Loop,National Capital Reg,Mandaluyong,51990,322888976727
269,446 Kirovo-Tepetsk Lane,Osaka,Higashiosaka,19428,303967439816
270,682 Halisahar Place,Severn Morava,Olomouc,20536,475553436330
271,1587 Loja Manor,Salzburg,Salzburg,5410,621625204422
272,1762 Paarl Parkway,Hunan,Lengshuijiang,53928,192459639410
273,1519 Ilorin Place,Kerala,Palghat (Palakkad),49298,357445645426
274,920 Kumbakonam Loop,California,Salinas,75090,685010736240
275,906 Goinia Way,Wielkopolskie,Kalisz,83565,701767622697
276,1675 Xiangfan Manor,Tamil Nadu,Kumbakonam,11763,271149517630
277,85 San Felipe de Puerto Plata Drive,Shandong,Yantai,46063,170739645687
278,144 South Hill Loop,Guanajuato,Salamanca,2012,45387294817
279,1884 Shikarpur Avenue,Haryana,Karnal,85548,959949395183
280,1980 Kamjanets-Podilskyi Street,Illinois,Peoria,89502,874337098891
281,1944 Bamenda Way,Michigan,Warren,24645,75975221996
282,556 Baybay Manor,Oyo & Osun,Ogbomosho,55802,363982224739
283,457 Tongliao Loop,Bursa,Inegl,56254,880756161823
284,600 Bradford Street,East Azerbaidzan,Tabriz,96204,117592274996
285,1006 Santa Brbara dOeste Manor,Ondo & Ekiti,Owo,36229,85059738746
286,1308 Sumy Loop,Fujian,Fuzhou,30657,583021225407
287,1405 Chisinau Place,Ponce,Ponce,8160,62781725285
288,226 Halifax Street,Xinxiang,Korla,58492,790651020929
289,1279 Udine Parkway,Edo & Delta,Benin City,75860,195003555232
290,1336 Benin City Drive,Shiga,Otsu,46044,341242939532
291,1155 Liaocheng Place,Oyo & Osun,Effon-Alaiye,22650,558236142492
292,1993 Tabuk Lane,Tamil Nadu,Tambaram,64221,648482415405
293,86 Higashiosaka Lane,Guanajuato,Valle de Santiago,33768,957128697225
294,1912 Allende Manor,Kowloon and New Kowl,Kowloon and New Kowloon,58124,172262454487
295,544 Tarsus Boulevard,Gurico,Valle de la Pascua,53145,892523334
296,1936 Cuman Avenue,Virginia,Roanoke,61195,976798660411
297,1192 Tongliao Street,Sharja,Sharja,19065,350970907017
298,44 Najafabad Way,Baskimaa,Donostia-San Sebastin,61391,96604821070
299,32 Pudukkottai Lane,Ohio,Dayton,38834,967274728547
300,661 Chisinau Lane,Pietari,Kolpino,8856,816436065431
301,951 Stara Zagora Manor,Punjab,Patiala,98573,429925609431
302,922 Vila Velha Loop,Maharashtra,Ahmadnagar,4085,510737228015
303,898 Jining Lane,Pohjois-Pohjanmaa,Oulu,40070,161643343536
304,1635 Kuwana Boulevard,Hiroshima,Hiroshima,52137,710603868323
305,41 El Alto Parkway,Maharashtra,Parbhani,56883,51917807050
306,1883 Maikop Lane,Kaliningrad,Kaliningrad,68469,96110042435
307,1908 Gaziantep Place,Liaoning,Tiefa,58979,108053751300
308,687 Alessandria Parkway,Sanaa,Sanaa,57587,407218522294
309,827 Yuncheng Drive,Callao,Callao,79047,504434452842
310,913 Coacalco de Berriozbal Loop,Texas,Arlington,42141,262088367001
311,715 So Bernardo do Campo Lane,Kedah,Sungai Petani,84804,181179321332
312,1354 Siegen Street,Rio de Janeiro,Angra dos Reis,80184,573441801529
313,1191 Sungai Petani Boulevard,Missouri,Kansas City,9668,983259819766
314,1224 Huejutla de Reyes Boulevard,Lombardia,Brescia,70923,806016930576
315,543 Bergamo Avenue,Minas Gerais,Ibirit,59686,103602195112
316,746 Joliet Lane,Kursk,Kursk,94878,688485191923
317,780 Kimberley Way,Tabuk,Tabuk,17032,824396883951
318,1774 Yaound Place,Hubei,Ezhou,91400,613124286867
319,1957 Yantai Lane,So Paulo,Sorocaba,59255,704948322302
320,1542 Lubumbashi Boulevard,Tel Aviv,Bat Yam,62472,508800331065
321,651 Pathankot Loop,Maharashtra,Miraj,59811,139378397418
322,1359 Zhoushan Parkway,Streymoyar,Trshavn,29763,46568045367
323,1769 Iwaki Lane,Kujawsko-Pomorskie,Bydgoszcz,25787,556100547674
324,1145 Vilnius Manor,Mxico,San Felipe del Progreso,73170,674805712553
325,1892 Nabereznyje Telny Lane,Tutuila,Tafuna,28396,478229987054
326,470 Boksburg Street,Central,Birgunj,97960,908029859266
327,1427 A Corua (La Corua) Place,Buenos Aires,Baha Blanca,85799,972574862516
328,479 San Felipe del Progreso Avenue,Morelos,Cuautla,54949,869051782691
329,867 Benin City Avenue,Henan,Yuzhou,78543,168884817145
330,981 Kumbakonam Place,Distrito Federal,Braslia,87611,829116184079
331,1016 Iwakuni Street,St George,Kingstown,49833,961370847344
332,663 Baha Blanca Parkway,Adana,Adana,33463,834418779292
333,1860 Taguig Loop,West Java,Ciparay,59550,38158430589
334,1816 Bydgoszcz Loop,Dhaka,Jamalpur,64308,965273813662
335,587 Benguela Manor,Illinois,Aurora,91590,165450987037
336,430 Kumbakonam Drive,Santa F,Santa F,28814,105470691550
337,1838 Tabriz Lane,Dhaka,Dhaka,1195,38988715447
338,431 Szkesfehrvr Avenue,Baki,Baku,57828,119501405123
339,503 Sogamoso Loop,Sumqayit,Sumqayit,49812,834626715837
340,507 Smolensk Loop,Sousse,Sousse,22971,80303246192
341,1920 Weifang Avenue,Uttar Pradesh,Rampur,15643,869507847714
342,124 al-Manama Way,Hiroshima,Onomichi,52368,647899404952
343,1443 Mardan Street,Western Cape,Paarl,31483,231383037471
344,1909 Benguela Lane,Henan,Xinxiang,19913,624138001031
345,68 Ponce Parkway,Hanoi,Hanoi,85926,870635127812
346,1217 Konotop Avenue,Gelderland,Ede,504,718917251754
347,1293 Nam Dinh Way,Roraima,Boa Vista,71583,697656479977
348,785 Vaduz Street,Baja California,Mexicali,36170,895616862749
349,1516 Escobar Drive,Tongatapu,Nukualofa,46069,64536069371
350,1628 Nagareyama Lane,Central,San Lorenzo,60079,20064292617
351,1157 Nyeri Loop,Adygea,Maikop,56380,262744791493
352,1673 Tangail Drive,Daugavpils,Daugavpils,26857,627924259271
353,381 Kabul Way,Taipei,Hsichuh,87272,55477302294
354,953 Hodeida Street,Southern Tagalog,Imus,18841,53912826864
355,469 Nakhon Sawan Street,Tuvassia,Teboksary,58866,689199636560
356,1378 Beira Loop,Krasnojarsk,Zeleznogorsk,40792,840957664136
357,1641 Changhwa Place,Nord-Ouest,Bamenda,37636,256546485220
358,1698 Southport Loop,Hidalgo,Pachuca de Soto,49009,754358349853
359,519 Nyeri Manor,So Paulo,Santo Andr,37650,764680915323
360,619 Hunuco Avenue,Shimane,Matsue,81508,142596392389
361,45 Aparecida de Goinia Place,Madhya Pradesh,Satna,7431,650496654258
362,482 Kowloon and New Kowloon Manor,Bratislava,Bratislava,97056,738968474939
363,604 Bern Place,Jharkhand,Ranchi,5373,620719383725
364,1623 Kingstown Drive,Buenos Aires,Almirante Brown,91299,296394569728
365,1009 Zanzibar Lane,Arecibo,Arecibo,64875,102396298916
366,114 Jalib al-Shuyukh Manor,Centre,Yaound,60440,845378657301
367,1163 London Parkway,Par,Belm,6066,675120358494
368,1658 Jastrzebie-Zdrj Loop,Central,Nyeri,96584,568367775448
369,817 Laredo Avenue,Jalisco,Guadalajara,77449,151249681135
370,1565 Tangail Manor,Okinawa,Okinawa,45750,634445428822
371,1912 Emeishan Drive,Balikesir,Balikesir,33050,99883471275
372,230 Urawa Drive,Andhra Pradesh,Adoni,2738,166898395731
373,1922 Miraj Way,Esfahan,Najafabad,13203,320471479776
374,433 Florencia Street,Chihuahua,Jurez,91330,561729882725
375,1049 Matamoros Parkway,Karnataka,Gulbarga,69640,960505250340
376,1061 Ede Avenue,Southern Tagalog,Cabuyao,57810,333390595558
377,154 Oshawa Manor,East Java,Probolinggo,72771,440365973660
378,1191 Tandil Drive,Southern Tagalog,Tanauan,6362,45554316010
379,1133 Rizhao Avenue,Pernambuco,Vitria de Santo Anto,2800,600264533987
380,1519 Santiago de los Caballeros Loop,East Kasai,Mwene-Ditu,22025,409315295763
381,1618 Olomouc Manor,Kurgan,Kurgan,26385,96846695220
382,220 Hidalgo Drive,Kermanshah,Kermanshah,45298,342720754566
383,686 Donostia-San Sebastin Lane,Guangdong,Shenzhen,97390,71857599858
384,97 Mogiljov Lane,Gujarat,Bhavnagar,89294,924815207181
385,1642 Charlotte Amalie Drive,Slaskie,Tychy,75442,821476736117
386,1368 Maracabo Boulevard,,South Hill,32716,934352415130
387,401 Sucre Boulevard,New Hampshire,Manchester,25007,486395999608
388,368 Hunuco Boulevard,Namibe,Namibe,17165,106439158941
389,500 Lincoln Parkway,Jiangsu,Huaian,95509,550306965159
390,102 Chapra Drive,Ibaragi,Tama,14073,776031833752
391,1793 Meixian Place,Hmelnytskyi,Kamjanets-Podilskyi,33535,619966287415
392,514 Ife Way,Shaba,Lubumbashi,69973,900235712074
393,717 Changzhou Lane,Southern Tagalog,Cavite,21615,426255288071
394,753 Ilorin Avenue,Sichuan,Emeishan,3656,464511145118
395,1337 Mit Ghamr Avenue,Nakhon Sawan,Nakhon Sawan,29810,175283210378
396,767 Pyongyang Drive,Osaka,Izumisano,83536,667736124769
397,614 Pak Kret Street,Addis Abeba,Addis Abeba,27796,47808359842
398,954 Lapu-Lapu Way,Moskova,Korolev,8816,737229003916
399,331 Bydgoszcz Parkway,Asturia,Gijn,966,537374465982
400,1152 Citrus Heights Manor,al-Qadarif,al-Qadarif,5239,765957414528
401,168 Cianjur Manor,Saitama,Iwatsuki,73824,679095087143
402,616 Hagonoy Avenue,Krasnojarsk,Atinsk,46043,604177838256
403,1190 0 Place,Rio Grande do Sul,Bag,10417,841876514789
404,734 Bchar Place,Punjab,Okara,30586,280578750435
405,530 Lausanne Lane,Texas,Dallas,11067,775235029633
406,454 Patiala Lane,Fukushima,Koriyama,13496,794553031307
407,1346 Mysore Drive,Bretagne,Brest,61507,516647474029
408,990 Etawah Loop,Tamil Nadu,Valparai,79940,206169448769
409,1266 Laredo Parkway,Saitama,Omiya,7664,1483365694
410,88 Nagaon Manor,Buenos Aires,Tandil,86868,779461480495
411,264 Bhimavaram Manor,St Thomas,Charlotte Amalie,54749,302526949177
412,1639 Saarbrcken Drive,North West,Rustenburg,9827,328494873422
413,692 Amroha Drive,Northern,Jaffna,35575,359478883004
414,1936 Lapu-Lapu Parkway,Bauchi & Gombe,Deba Habe,7122,653436985797
415,432 Garden Grove Street,Ontario,Richmond Hill,65630,615964523510
416,1445 Carmen Parkway,West Java,Cianjur,70809,598912394463
417,791 Salinas Street,Punjab,Hoshiarpur,40509,129953030512
418,126 Acua Parkway,West Bengali,Berhampore (Baharampur),58888,480039662421
419,397 Sunnyvale Avenue,Guanajuato,Allende,55566,680851640676
420,992 Klerksdorp Loop,Utrecht,Amersfoort,33711,855290087237
421,966 Arecibo Loop,Sind,Dadu,94018,15273765306
422,289 Santo Andr Manor,al-Sharqiya,al-Qatif,72410,214976066017
423,437 Chungho Drive,Puerto Plata,San Felipe de Puerto Plata,59489,491271355190
424,1948 Bayugan Parkway,Bihar,Katihar,60622,987306329957
425,1866 al-Qatif Avenue,California,El Monte,89420,546793516940
426,1661 Abha Drive,Tamil Nadu,Pudukkottai,14400,270456873752
427,1557 Cape Coral Parkway,Hubei,Laohekou,46875,368284120423
428,1727 Matamoros Place,Sawhaj,Sawhaj,78813,129673677866
429,1269 Botosani Manor,Guangdong,Shanwei,47394,736517327853
430,355 Vitria de Santo Anto Way,Oaxaca,San Juan Bautista Tuxtepec,81758,548003849552
431,1596 Acua Parkway,Jharkhand,Purnea (Purnia),70425,157133457169
432,259 Ipoh Drive,So Paulo,Guaruj,64964,419009857119
433,1823 Hoshiarpur Lane,Komi,Syktyvkar,33191,307133768620
434,1404 Taguig Drive,Okayama,Tsuyama,87212,572068624538
435,740 Udaipur Lane,Nizni Novgorod,Dzerzinsk,33505,497288595103
436,287 Cuautla Boulevard,Chuquisaca,Sucre,72736,82619513349
437,1766 Almirante Brown Street,KwaZulu-Natal,Newcastle,63104,617567598243
438,596 Huixquilucan Place,Nampula,Naala-Porto,65892,342709348083
439,1351 Aparecida de Goinia Parkway,Northern Mindanao,Ozamis,41775,959834530529
440,722 Bradford Lane,Shandong,Junan,90920,746251338300
441,983 Santa F Way,British Colombia,Vancouver,47472,145720452260
442,1245 Ibirit Way,La Romana,La Romana,40926,331888642162
443,1836 Korla Parkway,Copperbelt,Kitwe,55405,689681677428
444,231 Kaliningrad Place,Lombardia,Bergamo,57833,575081026569
445,495 Bhimavaram Lane,Maharashtra,Dhule (Dhulia),3,82088937724
446,1924 Shimonoseki Drive,Batna,Batna,52625,406784385440
447,105 Dzerzinsk Manor,Inner Mongolia,Tongliao,48570,240776414296
448,614 Denizli Parkway,Rio Grande do Sul,So Leopoldo,29444,876491807547
449,1289 Belm Boulevard,Tartumaa,Tartu,88306,237368926031
450,203 Tambaram Street,Buenos Aires,Escobar,73942,411549550611
451,1704 Tambaram Manor,West Bengali,Uluberia,2834,39463554936
452,207 Cuernavaca Loop,Tatarstan,Nabereznyje Telny,52671,782900030287
453,319 Springs Loop,Baijeri,Erlangen,99552,72524459905
454,956 Nam Dinh Manor,Kerman,Sirjan,21872,474047727727
455,1947 Paarl Way,Central Java,Surakarta,23636,834061016202
456,814 Simferopol Loop,Sinaloa,El Fuerte,48745,524567129902
457,535 Ahmadnagar Manor,Abu Dhabi,Abu Dhabi,41136,985109775584
458,138 Caracas Boulevard,Zulia,Maracabo,16790,974433019532
459,251 Florencia Drive,Michoacn de Ocampo,Uruapan,16119,118011831565
460,659 Gatineau Boulevard,La Paz,El Alto,28587,205524798287
461,1889 Valparai Way,Ziguinchor,Ziguinchor,75559,670370974122
462,1485 Bratislava Place,Illinois,Rockford,83183,924663855568
463,935 Aden Boulevard,Central Java,Tegal,64709,335052544020
464,76 Kermanshah Manor,Esfahan,Qomsheh,23343,762361821578
465,734 Tanshui Avenue,Caquet,Florencia,70664,366776723320
466,118 Jaffna Loop,Northern Mindanao,Gingoog,10447,325526730021
467,1621 Tongliao Avenue,Irkutsk,Usolje-Sibirskoje,22173,209342540247
468,1844 Usak Avenue,Nova Scotia,Halifax,84461,164414772677
469,1872 Toulon Loop,OHiggins,Rancagua,7939,928809465153
470,1088 Ibirit Place,Jalisco,Zapopan,88502,49084281333
471,1322 Mosul Parkway,Shandong,Dongying,95400,268053970382
472,1447 Chatsworth Place,Chihuahua,Cuauhtmoc,41545,769370126331
473,1257 Guadalajara Street,Karnataka,Bijapur,33599,195337700615
474,1469 Plock Lane,Galicia,Ourense (Orense),95835,622884741180
475,434 Ourense (Orense) Manor,Hodeida,Hodeida,14122,562370137426
476,270 Tambaram Parkway,Gauteng,Johannesburg,9668,248446668735
477,1786 Salinas Place,Nam Ha,Nam Dinh,66546,206060652238
478,1078 Stara Zagora Drive,Aceh,Lhokseumawe,69221,932992626595
479,1854 Okara Boulevard,Drenthe,Emmen,42123,131912793873
480,421 Yaound Street,Sumy,ostka,11363,726875628268
481,1153 Allende Way,Qubec,Gatineau,20336,856872225376
482,808 Naala-Porto Parkway,England,Stockport,41060,553452430707
483,632 Usolje-Sibirskoje Parkway,Ha Darom,Ashqelon,73085,667648979883
484,98 Pyongyang Boulevard,Ohio,Akron,88749,191958435142
485,984 Novoterkassk Loop,Gaziantep,Gaziantep,28165,435118527255
486,64 Korla Street,Mwanza,Mwanza,25145,510383179153
487,1785 So Bernardo do Campo Street,Veracruz,Coatzacoalcos,71182,684529463244
488,698 Jelets Boulevard,Denizli,Denizli,2596,975185523021
489,1297 Alvorada Parkway,Ningxia,Yinchuan,11839,508348602835
490,1909 Dayton Avenue,Guangdong,Shaoguan,88513,702955450528
491,1789 Saint-Denis Parkway,Coahuila de Zaragoza,Acua,8268,936806643983
492,185 Mannheim Lane,Stavropol,Pjatigorsk,23661,589377568313
493,184 Mandaluyong Street,Baja California Sur,La Paz,94239,488425406814
494,591 Sungai Petani Drive,Okayama,Okayama,46400,37247325001
495,656 Matamoros Drive,Boyac,Sogamoso,19489,17305839123
496,775 ostka Drive,al-Daqahliya,Mit Ghamr,22358,171973024401
497,1013 Tabuk Boulevard,West Bengali,Kanchrapara,96203,158399646978
498,319 Plock Parkway,Istanbul,Sultanbeyli,26101,854259976812
499,1954 Kowloon and New Kowloon Way,Chimborazo,Robamba,63667,898559280434
500,362 Rajkot Lane,Gansu,Baiyin,98030,962020153680
501,1060 Tandil Lane,Shandong,Rizhao,72349,211256301880
502,1515 Korla Way,England,York,57197,959467760895
503,1416 San Juan Bautista Tuxtepec Avenue,Zufar,Salala,50592,144206758053
504,1 Valle de Santiago Avenue,Apulia,Brindisi,86208,465897838272
505,519 Brescia Parkway,East Java,Madiun,69504,793996678771
506,414 Mandaluyong Street,Lubelskie,Lublin,16370,52709222667
507,1197 Sokoto Boulevard,West Bengali,Siliguri (Shiliguri),87687,868602816371
508,496 Celaya Drive,Nagano,Ueda,90797,759586584889
509,786 Matsue Way,Illinois,Joliet,37469,111177206479
510,48 Maracabo Place,Central Luzon,Talavera,1570,82671830126
511,1152 al-Qatif Lane,Kalimantan Barat,Pontianak,44816,131370665218
512,1269 Ipoh Avenue,Eskisehir,Eskisehir,54674,402630109080
513,758 Korolev Parkway,Andhra Pradesh,Vijayawada,75474,441628280920
514,1747 Rustenburg Place,Bihar,Chapra,51369,442673923363
515,886 Tonghae Place,Volgograd,Kamyin,19450,711928348157
516,1574 Goinia Boulevard,Heilongjiang,Suihua,39529,59634255214
517,548 Uruapan Street,Ontario,London,35653,879347453467
519,962 Tama Loop,,Yangor,65952,282667506728
520,1778 Gijn Manor,Hubei,Zaoyang,35156,288910576761
521,568 Dhule (Dhulia) Loop,Coquimbo,Coquimbo,92568,602101369463
522,1768 Udine Loop,Battambang,Battambang,32347,448876499197
523,608 Birgunj Parkway,Taipei,Chungho,400,627425618482
524,680 A Corua (La Corua) Manor,Sivas,Sivas,49806,158326114853
525,1949 Sanya Street,Gumma,Isesaki,61244,132100972047
526,617 Klerksdorp Place,Khanh Hoa,Nha Trang,94707,574973479129
527,1993 0 Loop,Liaoning,Yingkou,41214,25865528181
528,1176 Southend-on-Sea Manor,Southern Tagalog,Santa Rosa,81651,236679267178
529,600 Purnea (Purnia) Avenue,Nghe An,Vinh,18043,638409958875
530,1003 Qinhuangdao Street,West Java,Purwakarta,25972,35533115997
531,1986 Sivas Place,Friuli-Venezia Giuli,Udine,95775,182059202712
532,1427 Tabuk Place,Florida,Cape Coral,31342,214756839122
533,556 Asuncin Way,Mogiljov,Mogiljov,35364,338244023543
534,486 Ondo Parkway,Benguela,Benguela,35202,105882218332
535,635 Brest Manor,Andhra Pradesh,Bhimavaram,40899,80593242951
536,166 Jinchang Street,Buenos Aires,Ezeiza,86760,717566026669
537,958 Sagamihara Lane,Mie,Kuwana,88408,427274926505
538,1817 Livorno Way,Khanh Hoa,Cam Ranh,79401,478380208348
539,1332 Gaziantep Lane,Shandong,Binzhou,22813,383353187467
540,949 Allende Lane,Uttar Pradesh,Amroha,67521,122981120653
541,195 Ilorin Street,Chari-Baguirmi,NDjamna,49250,8912935608
542,193 Bhusawal Place,Kang-won,Tonghae,9750,745267607502
543,43 Vilnius Manor,Colorado,Aurora,79814,484500282381
544,183 Haiphong Street,Jilin,Baicheng,69953,488600270038
545,163 Augusta-Richmond County Loop,Carabobo,Valencia,33030,754579047924
546,191 Jos Azueta Parkway,Ruse,Ruse,13629,932156667696
547,379 Lublin Parkway,Toscana,Livorno,74568,921960450089
548,1658 Cuman Loop,Sumatera Selatan,Pangkal Pinang,51309,784907335610
549,454 Qinhuangdao Drive,Tadla-Azilal,Beni-Mellal,25866,786270036240
550,1715 Okayama Street,So Paulo,So Bernardo do Campo,55676,169352919175
551,182 Nukualofa Drive,Sumy,Konotop,15414,426346224043
552,390 Wroclaw Way,Hainan,Sanya,5753,357593328658
553,1421 Quilmes Lane,Ishikawa,Kanazawa,19151,135407755975
554,947 Trshavn Place,Central Luzon,Tarlac,841,50898428626
555,1764 Jalib al-Shuyukh Parkway,Galicia,Santiago de Compostela,77642,84794532510
556,346 Cam Ranh Avenue,Zhejiang,Zhoushan,39976,978430786151
557,1407 Pachuca de Soto Place,Rio Grande do Sul,Alvorada,26284,380077794770
558,904 Clarksville Drive,Zhejiang,Haining,52234,955349440539
559,1917 Kumbakonam Parkway,Vojvodina,Novi Sad,11892,698182547686
560,1447 Imus Place,Gujarat,Rajkot,12905,62127829280
561,1497 Fengshan Drive,KwaZulu-Natal,Chatsworth,63022,368738360376
562,869 Shikarpur Way,England,Southport,57380,590764256785
563,1059 Yuncheng Avenue,Vilna,Vilnius,47498,107092893983
564,505 Madiun Boulevard,Dolnoslaskie,Wroclaw,97271,970638808606
565,1741 Hoshiarpur Boulevard,al-Sharqiya,Bilbays,22372,855066328617
566,1229 Varanasi (Benares) Manor,Buenos Aires,Avellaneda,40195,817740355461
567,1894 Boa Vista Way,Texas,Garland,77464,239357986667
568,1342 Sharja Way,Sokoto & Kebbi & Zam,Sokoto,93655,946114054231
569,1342 Abha Boulevard,Bukarest,Bucuresti,10714,997453607116
570,415 Pune Avenue,Shandong,Xintai,44274,203202500108
571,1746 Faaa Way,Huanuco,Hunuco,32515,863080561151
572,539 Hami Way,Tokat,Tokat,52196,525518075499
573,1407 Surakarta Manor,Moskova,Serpuhov,33224,324346485054
574,502 Mandi Bahauddin Parkway,Anzotegui,Barcelona,15992,618156722572
575,1052 Pathankot Avenue,Sichuan,Leshan,77397,128499386727
576,1351 Sousse Lane,Coahuila de Zaragoza,Monclova,37815,203804046132
577,1501 Pangkal Pinang Avenue,Mazowieckie,Plock,943,770864062795
578,1405 Hagonoy Avenue,Slaskie,Czestochowa,86587,867287719310
579,521 San Juan Bautista Tuxtepec Place,Qaraghandy,Zhezqazghan,95093,844018348565
580,923 Tangail Boulevard,Tokyo-to,Akishima,33384,315528269898
581,186 Skikda Lane,Morelos,Cuernavaca,89422,14465669789
582,1568 Celaya Parkway,Kaohsiung,Fengshan,34750,278669994384
583,1489 Kakamigahara Lane,Taipei,Tanshui,98883,29341849811
584,1819 Alessandria Loop,Campeche,Carmen,53829,377633994405
585,1208 Tama Loop,Ninawa,Mosul,73605,954786054144
586,951 Springs Lane,Central Mindanao,Iligan,96115,165164761435
587,760 Miyakonojo Drive,Guerrero,Jos Azueta,64682,294449058179
588,966 Asuncin Way,Hidalgo,Huejutla de Reyes,62703,995527378381
589,1584 Ljubertsy Lane,England,Southampton,22954,285710089439
590,247 Jining Parkway,Banjul,Banjul,53446,170115379190
591,773 Dallas Manor,Buenos Aires,Quilmes,12664,914466027044
592,1923 Stara Zagora Lane,Nantou,Tsaotun,95179,182178609211
593,1402 Zanzibar Boulevard,Guanajuato,Celaya,71102,387448063440
594,1464 Kursk Parkway,Shandong,Weifang,17381,338758048786
595,1074 Sanaa Parkway,Loja,Loja,22474,154124128457
596,1759 Niznekamsk Avenue,al-Manama,al-Manama,39414,864392582257
597,32 Liaocheng Way,Minas Gerais,Juiz de Fora,1944,410877354933
598,42 Fontana Avenue,Fejr,Szkesfehrvr,14684,437829801725
599,1895 Zhezqazghan Drive,California,Garden Grove,36693,137809746111
600,1837 Kaduna Parkway,Inner Mongolia,Jining,82580,640843562301
601,844 Bucuresti Place,Liaoning,Jinzhou,36603,935952366111
602,1101 Bucuresti Boulevard,West Greece,Patras,97661,199514580428
603,1103 Quilmes Boulevard,Piura,Sullana,52137,644021380889
604,1331 Usak Boulevard,Vaud,Lausanne,61960,145308717464
605,1325 Fukuyama Street,Heilongjiang,Tieli,27107,288241215394
