customer_id,first_name,last_name,email,address_id,active
1,MARY,SMITH,MARY.SMITH@sakilacustomer.org,5,f
2,PATRICIA,JOHNSON,PATRICIA.JOHNSON@sakilacustomer.org,6,f
3,LINDA,WILLIAMS,LINDA.WILLIAMS@sakilacustomer.org,7,t
4,BARBARA,JONES,BARBARA.JONES@sakilacustomer.org,8,f
5,ELIZABETH,BROWN,ELIZABETH.BROWN@sakilacustomer.org,9,t
6,JENNIFER,DAVIS,JENNIFER.DAVIS@sakilacustomer.org,10,t
7,MARIA,MILLER,MARIA.MILLER@sakilacustomer.org,11,t
8,SUSAN,WILSON,SUSAN.WILSON@sakilacustomer.org,12,t
9,MARGARET,MOORE,MARGARET.MOORE@sakilacustomer.org,13,t
10,DOROTHY,TAYLOR,DOROTHY.TAYLOR@sakilacustomer.org,14,t
11,LISA,ANDERSON,LISA.ANDERSON@sakilacustomer.org,15,t
12,NANCY,THOMAS,NANCY.THOMAS@sakilacustomer.org,16,t
13,KAREN,JACKSON,KAREN.JACKSON@sakilacustomer.org,17,f
14,BETTY,WHITE,BETTY.WHITE@sakilacustomer.org,18,t
15,HELEN,HARRIS,HELEN.HARRIS@sakilacustomer.org,19,t
16,SANDRA,MARTIN,SANDRA.MARTIN@sakilacustomer.org,20,f
17,DONNA,THOMPSON,DONNA.THOMPSON@sakilacustomer.org,21,f
18,CAROL,GARCIA,CAROL.GARCIA@sakilacustomer.org,22,t
19,RUTH,MARTINEZ,RUTH.MARTINEZ@sakilacustomer.org,23,t
20,SHARON,ROBINSON,SHARON.ROBINSON@sakilacustomer.org,24,t
21,MICHELLE,CLARK,MICHELLE.CLARK@sakilacustomer.org,25,f
22,LAURA,RODRIGUEZ,LAURA.RODRIGUEZ@sakilacustomer.org,26,t
23,SARAH,LEWIS,SARAH.LEWIS@sakilacustomer.org,27,f
24,KIMBERLY,LEE,KIMBERLY.LEE@sakilacustomer.org,28,f
25,DEBORAH,WALKER,DEBORAH.WALKER@sakilacustomer.org,29,t
26,JESSICA,HALL,JESSICA.HALL@sakilacustomer.org,30,t
27,SHIRLEY,ALLEN,SHIRLEY.ALLEN@sakilacustomer.org,31,t
28,CYNTHIA,YOUNG,CYNTHIA.YOUNG@sakilacustomer.org,32,f
29,ANGELA,HERNANDEZ,ANGELA.HERNANDEZ@sakilacustomer.org,33,t
30,MELISSA,KING,MELISSA.KING@sakilacustomer.org,34,f
31,BRENDA,WRIGHT,BRENDA.WRIGHT@sakilacustomer.org,35,t
32,AMY,LOPEZ,AMY.LOPEZ@sakilacustomer.org,36,f
33,ANNA,HILL,ANNA.HILL@sakilacustomer.org,37,t
34,REBECCA,SCOTT,REBECCA.SCOTT@sakilacustomer.org,38,t
35,VIRGINIA,GREEN,VIRGINIA.GREEN@sakilacustomer.org,39,t
36,KATHLEEN,ADAMS,KATHLEEN.ADAMS@sakilacustomer.org,40,f
37,PAMELA,BAKER,PAMELA.BAKER@sakilacustomer.org,41,t
38,MARTHA,GONZALEZ,MARTHA.GONZALEZ@sakilacustomer.org,42,t
39,DEBRA,NELSON,DEBRA.NELSON@sakilacustomer.org,43,f
40,AMANDA,CARTER,AMANDA.CARTER@sakilacustomer.org,44,t
41,STEPHANIE,MITCHELL,STEPHANIE.MITCHELL@sakilacustomer.org,45,t
42,CAROLYN,PEREZ,CAROLYN.PEREZ@sakilacustomer.org,46,t
43,CHRISTINE,ROBERTS,CHRISTINE.ROBERTS@sakilacustomer.org,47,t
44,MARIE,TURNER,MARIE.TURNER@sakilacustomer.org,48,f
45,JANET,PHILLIPS,JANET.PHILLIPS@sakilacustomer.org,49,t
46,CATHERINE,CAMPBELL,CATHERINE.CAMPBELL@sakilacustomer.org,50,f
47,FRANCES,PARKER,FRANCES.PARKER@sakilacustomer.org,51,f
48,ANN,EVANS,ANN.EVANS@sakilacustomer.org,52,t
49,JOYCE,EDWARDS,JOYCE.EDWARDS@sakilacustomer.org,53,f
50,DIANE,COLLINS,DIANE.COLLINS@sakilacustomer.org,54,t
51,ALICE,STEWART,ALICE.STEWART@sakilacustomer.org,55,t
52,JULIE,SANCHEZ,JULIE.SANCHEZ@sakilacustomer.org,56,t
53,HEATHER,MORRIS,HEATHER.MORRIS@sakilacustomer.org,57,t
54,TERESA,ROGERS,TERESA.ROGERS@sakilacustomer.org,58,t
55,DORIS,REED,DORIS.REED@sakilacustomer.org,59,t
56,GLORIA,COOK,GLORIA.COOK@sakilacustomer.org,60,t
57,EVELYN,MORGAN,EVELYN.MORGAN@sakilacustomer.org,61,t
58,JEAN,BELL,JEAN.BELL@sakilacustomer.org,62,t
59,CHERYL,MURPHY,CHERYL.MURPHY@sakilacustomer.org,63,t
60,MILDRED,BAILEY,MILDRED.BAILEY@sakilacustomer.org,64,t
61,KATHERINE,RIVERA,KATHERINE.RIVERA@sakilacustomer.org,65,t
62,JOAN,COOPER,JOAN.COOPER@sakilacustomer.org,66,f
63,ASHLEY,RICHARDSON,ASHLEY.RICHARDSON@sakilacustomer.org,67,t
64,JUDITH,COX,JUDITH.COX@sakilacustomer.org,68,t
65,ROSE,HOWARD,ROSE.HOWARD@sakilacustomer.org,69,f
66,JANICE,WARD,JANICE.WARD@sakilacustomer.org,70,t
67,KELLY,TORRES,KELLY.TORRES@sakilacustomer.org,71,t
68,NICOLE,PETERSON,NICOLE.PETERSON@sakilacustomer.org,72,f
69,JUDY,GRAY,JUDY.GRAY@sakilacustomer.org,73,t
70,CHRISTINA,RAMIREZ,CHRISTINA.RAMIREZ@sakilacustomer.org,74,t
71,KATHY,JAMES,KATHY.JAMES@sakilacustomer.org,75,t
72,THERESA,WATSON,THERESA.WATSON@sakilacustomer.org,76,t
73,BEVERLY,BROOKS,BEVERLY.BROOKS@sakilacustomer.org,77,t
74,DENISE,KELLY,DENISE.KELLY@sakilacustomer.org,78,t
75,TAMMY,SANDERS,TAMMY.SANDERS@sakilacustomer.org,79,t
76,IRENE,PRICE,IRENE.PRICE@sakilacustomer.org,80,t
77,JANE,BENNETT,JANE.BENNETT@sakilacustomer.org,81,t
78,LORI,WOOD,LORI.WOOD@sakilacustomer.org,82,t
79,RACHEL,BARNES,RACHEL.BARNES@sakilacustomer.org,83,t
80,MARILYN,ROSS,MARILYN.ROSS@sakilacustomer.org,84,t
81,ANDREA,HENDERSON,ANDREA.HENDERSON@sakilacustomer.org,85,t
82,KATHRYN,COLEMAN,KATHRYN.COLEMAN@sakilacustomer.org,86,t
83,LOUISE,JENKINS,LOUISE.JENKINS@sakilacustomer.org,87,t
84,SARA,PERRY,SARA.PERRY@sakilacustomer.org,88,t
85,ANNE,POWELL,ANNE.POWELL@sakilacustomer.org,89,t
86,JACQUELINE,LONG,JACQUELINE.LONG@sakilacustomer.org,90,t
87,WANDA,PATTERSON,WANDA.PATTERSON@sakilacustomer.org,91,t
88,BONNIE,HUGHES,BONNIE.HUGHES@sakilacustomer.org,92,t
89,JULIA,FLORES,JULIA.FLORES@sakilacustomer.org,93,t
90,RUBY,WASHINGTON,RUBY.WASHINGTON@sakilacustomer.org,94,t
91,LOIS,BUTLER,LOIS.BUTLER@sakilacustomer.org,95,t
92,TINA,SIMMONS,TINA.SIMMONS@sakilacustomer.org,96,t
93,PHYLLIS,FOSTER,PHYLLIS.FOSTER@sakilacustomer.org,97,t
94,NORMA,GONZALES,NORMA.GONZALES@sakilacustomer.org,98,f
95,PAULA,BRYANT,PAULA.BRYANT@sakilacustomer.org,99,f
96,DIANA,ALEXANDER,DIANA.ALEXANDER@sakilacustomer.org,100,t
97,ANNIE,RUSSELL,ANNIE.RUSSELL@sakilacustomer.org,101,t
98,LILLIAN,GRIFFIN,LILLIAN.GRIFFIN@sakilacustomer.org,102,t
99,EMILY,DIAZ,EMILY.DIAZ@sakilacustomer.org,103,t
100,ROBIN,HAYES,ROBIN.HAYES@sakilacustomer.org,104,t
101,PEGGY,MYERS,PEGGY.MYERS@sakilacustomer.org,105,t
102,CRYSTAL,FORD,CRYSTAL.FORD@sakilacustomer.org,106,t
103,GLADYS,HAMILTON,GLADYS.HAMILTON@sakilacustomer.org,107,t
104,RITA,GRAHAM,RITA.GRAHAM@sakilacustomer.org,108,t
105,DAWN,SULLIVAN,DAWN.SULLIVAN@sakilacustomer.org,109,f
106,CONNIE,WALLACE,CONNIE.WALLACE@sakilacustomer.org,110,f
107,FLORENCE,WOODS,FLORENCE.WOODS@sakilacustomer.org,111,t
108,TRACY,COLE,TRACY.COLE@sakilacustomer.org,112,t
109,EDNA,WEST,EDNA.WEST@sakilacustomer.org,113,t
110,TIFFANY,JORDAN,TIFFANY.JORDAN@sakilacustomer.org,114,t
111,CARMEN,OWENS,CARMEN.OWENS@sakilacustomer.org,115,t
112,ROSA,REYNOLDS,ROSA.REYNOLDS@sakilacustomer.org,116,f
113,CINDY,FISHER,CINDY.FISHER@sakilacustomer.org,117,t
114,GRACE,ELLIS,GRACE.ELLIS@sakilacustomer.org,118,t
115,WENDY,HARRISON,WENDY.HARRISON@sakilacustomer.org,119,t
116,VICTORIA,GIBSON,VICTORIA.GIBSON@sakilacustomer.org,120,t
117,EDITH,MCDONALD,EDITH.MCDONALD@sakilacustomer.org,121,t
118,KIM,CRUZ,KIM.CRUZ@sakilacustomer.org,122,t
119,SHERRY,MARSHALL,SHERRY.MARSHALL@sakilacustomer.org,123,t
120,SYLVIA,ORTIZ,SYLVIA.ORTIZ@sakilacustomer.org,124,f
121,JOSEPHINE,GOMEZ,JOSEPHINE.GOMEZ@sakilacustomer.org,125,t
122,THELMA,MURRAY,THELMA.MURRAY@sakilacustomer.org,126,t
123,SHANNON,FREEMAN,SHANNON.FREEMAN@sakilacustomer.org,127,t
124,SHEILA,WELLS,SHEILA.WELLS@sakilacustomer.org,128,t
125,ETHEL,WEBB,ETHEL.WEBB@sakilacustomer.org,129,t
126,ELLEN,SIMPSON,ELLEN.SIMPSON@sakilacustomer.org,130,t
127,ELAINE,STEVENS,ELAINE.STEVENS@sakilacustomer.org,131,f
128,MARJORIE,TUCKER,MARJORIE.TUCKER@sakilacustomer.org,132,f
129,CARRIE,PORTER,CARRIE.PORTER@sakilacustomer.org,133,t
130,CHARLOTTE,HUNTER,CHARLOTTE.HUNTER@sakilacustomer.org,134,t
131,MONICA,HICKS,MONICA.HICKS@sakilacustomer.org,135,f
132,ESTHER,CRAWFORD,ESTHER.CRAWFORD@sakilacustomer.org,136,t
133,PAULINE,HENRY,PAULINE.HENRY@sakilacustomer.org,137,t
134,EMMA,BOYD,EMMA.BOYD@sakilacustomer.org,138,f
135,JUANITA,MASON,JUANITA.MASON@sakilacustomer.org,139,f
136,ANITA,MORALES,ANITA.MORALES@sakilacustomer.org,140,t
137,RHONDA,KENNEDY,RHONDA.KENNEDY@sakilacustomer.org,141,f
138,HAZEL,WARREN,HAZEL.WARREN@sakilacustomer.org,142,t
139,AMBER,DIXON,AMBER.DIXON@sakilacustomer.org,143,t
140,EVA,RAMOS,EVA.RAMOS@sakilacustomer.org,144,t
141,DEBBIE,REYES,DEBBIE.REYES@sakilacustomer.org,145,t
142,APRIL,BURNS,APRIL.BURNS@sakilacustomer.org,146,t
143,LESLIE,GORDON,LESLIE.GORDON@sakilacustomer.org,147,t
144,CLARA,SHAW,CLARA.SHAW@sakilacustomer.org,148,t
145,LUCILLE,HOLMES,LUCILLE.HOLMES@sakilacustomer.org,149,t
146,JAMIE,RICE,JAMIE.RICE@sakilacustomer.org,150,f
147,JOANNE,ROBERTSON,JOANNE.ROBERTSON@sakilacustomer.org,151,t
148,ELEANOR,HUNT,ELEANOR.HUNT@sakilacustomer.org,152,f
149,VALERIE,BLACK,VALERIE.BLACK@sakilacustomer.org,153,t
150,DANIELLE,DANIELS,DANIELLE.DANIELS@sakilacustomer.org,154,t
151,MEGAN,PALMER,MEGAN.PALMER@sakilacustomer.org,155,t
152,ALICIA,MILLS,ALICIA.MILLS@sakilacustomer.org,156,t
153,SUZANNE,NICHOLS,SUZANNE.NICHOLS@sakilacustomer.org,157,t
154,MICHELE,GRANT,MICHELE.GRANT@sakilacustomer.org,158,t
155,GAIL,KNIGHT,GAIL.KNIGHT@sakilacustomer.org,159,t
156,BERTHA,FERGUSON,BERTHA.FERGUSON@sakilacustomer.org,160,t
157,DARLENE,ROSE,DARLENE.ROSE@sakilacustomer.org,161,t
158,VERONICA,STONE,VERONICA.STONE@sakilacustomer.org,162,t
159,JILL,HAWKINS,JILL.HAWKINS@sakilacustomer.org,163,t
160,ERIN,DUNN,ERIN.DUNN@sakilacustomer.org,164,t
161,GERALDINE,PERKINS,GERALDINE.PERKINS@sakilacustomer.org,165,f
162,LAUREN,HUDSON,LAUREN.HUDSON@sakilacustomer.org,166,t
163,CATHY,SPENCER,CATHY.SPENCER@sakilacustomer.org,167,t
164,JOANN,GARDNER,JOANN.GARDNER@sakilacustomer.org,168,t
165,LORRAINE,STEPHENS,LORRAINE.STEPHENS@sakilacustomer.org,169,t
166,LYNN,PAYNE,LYNN.PAYNE@sakilacustomer.org,170,t
167,SALLY,PIERCE,SALLY.PIERCE@sakilacustomer.org,171,t
168,REGINA,BERRY,REGINA.BERRY@sakilacustomer.org,172,t
169,ERICA,MATTHEWS,ERICA.MATTHEWS@sakilacustomer.org,173,t
170,BEATRICE,ARNOLD,BEATRICE.ARNOLD@sakilacustomer.org,174,t
171,DOLORES,WAGNER,DOLORES.WAGNER@sakilacustomer.org,175,t
172,BERNICE,WILLIS,BERNICE.WILLIS@sakilacustomer.org,176,t
173,AUDREY,RAY,AUDREY.RAY@sakilacustomer.org,177,t
174,YVONNE,WATKINS,YVONNE.WATKINS@sakilacustomer.org,178,t
175,ANNETTE,OLSON,ANNETTE.OLSON@sakilacustomer.org,179,t
176,JUNE,CARROLL,JUNE.CARROLL@sakilacustomer.org,180,t
177,SAMANTHA,DUNCAN,SAMANTHA.DUNCAN@sakilacustomer.org,181,f
178,MARION,SNYDER,MARION.SNYDER@sakilacustomer.org,182,t
179,DANA,HART,DANA.HART@sakilacustomer.org,183,t
180,STACY,CUNNINGHAM,STACY.CUNNINGHAM@sakilacustomer.org,184,t
181,ANA,BRADLEY,ANA.BRADLEY@sakilacustomer.org,185,f
182,RENEE,LANE,RENEE.LANE@sakilacustomer.org,186,f
183,IDA,ANDREWS,IDA.ANDREWS@sakilacustomer.org,187,t
184,VIVIAN,RUIZ,VIVIAN.RUIZ@sakilacustomer.org,188,t
185,ROBERTA,HARPER,ROBERTA.HARPER@sakilacustomer.org,189,t
186,HOLLY,FOX,HOLLY.FOX@sakilacustomer.org,190,t
187,BRITTANY,RILEY,BRITTANY.RILEY@sakilacustomer.org,191,f
188,MELANIE,ARMSTRONG,MELANIE.ARMSTRONG@sakilacustomer.org,192,t
189,LORETTA,CARPENTER,LORETTA.CARPENTER@sakilacustomer.org,193,t
190,YOLANDA,WEAVER,YOLANDA.WEAVER@sakilacustomer.org,194,t
191,JEANETTE,GREENE,JEANETTE.GREENE@sakilacustomer.org,195,t
192,LAURIE,LAWRENCE,LAURIE.LAWRENCE@sakilacustomer.org,196,t
193,KATIE,ELLIOTT,KATIE.ELLIOTT@sakilacustomer.org,197,t
194,KRISTEN,CHAVEZ,KRISTEN.CHAVEZ@sakilacustomer.org,198,t
195,VANESSA,SIMS,VANESSA.SIMS@sakilacustomer.org,199,t
196,ALMA,AUSTIN,ALMA.AUSTIN@sakilacustomer.org,200,t
197,SUE,PETERS,SUE.PETERS@sakilacustomer.org,201,t
198,ELSIE,KELLEY,ELSIE.KELLEY@sakilacustomer.org,202,t
199,BETH,FRANKLIN,BETH.FRANKLIN@sakilacustomer.org,203,t
200,JEANNE,LAWSON,JEANNE.LAWSON@sakilacustomer.org,204,t
201,VICKI,FIELDS,VICKI.FIELDS@sakilacustomer.org,205,f
202,CARLA,GUTIERREZ,CARLA.GUTIERREZ@sakilacustomer.org,206,t
203,TARA,RYAN,TARA.RYAN@sakilacustomer.org,207,f
204,ROSEMARY,SCHMIDT,ROSEMARY.SCHMIDT@sakilacustomer.org,208,t
205,EILEEN,CARR,EILEEN.CARR@sakilacustomer.org,209,t
206,TERRI,VASQUEZ,TERRI.VASQUEZ@sakilacustomer.org,210,t
207,GERTRUDE,CASTILLO,GERTRUDE.CASTILLO@sakilacustomer.org,211,f
208,LUCY,WHEELER,LUCY.WHEELER@sakilacustomer.org,212,t
209,TONYA,CHAPMAN,TONYA.CHAPMAN@sakilacustomer.org,213,t
210,ELLA,OLIVER,ELLA.OLIVER@sakilacustomer.org,214,t
211,STACEY,MONTGOMERY,STACEY.MONTGOMERY@sakilacustomer.org,215,t
212,WILMA,RICHARDS,WILMA.RICHARDS@sakilacustomer.org,216,t
213,GINA,WILLIAMSON,GINA.WILLIAMSON@sakilacustomer.org,217,t
214,KRISTIN,JOHNSTON,KRISTIN.JOHNSTON@sakilacustomer.org,218,t
215,JESSIE,BANKS,JESSIE.BANKS@sakilacustomer.org,219,t
216,NATALIE,MEYER,NATALIE.MEYER@sakilacustomer.org,220,f
217,AGNES,BISHOP,AGNES.BISHOP@sakilacustomer.org,221,t
218,VERA,MCCOY,VERA.MCCOY@sakilacustomer.org,222,t
219,WILLIE,HOWELL,WILLIE.HOWELL@sakilacustomer.org,223,t
220,CHARLENE,ALVAREZ,CHARLENE.ALVAREZ@sakilacustomer.org,224,f
221,BESSIE,MORRISON,BESSIE.MORRISON@sakilacustomer.org,225,t
222,DELORES,HANSEN,DELORES.HANSEN@sakilacustomer.org,226,t
223,MELINDA,FERNANDEZ,MELINDA.FERNANDEZ@sakilacustomer.org,227,t
224,PEARL,GARZA,PEARL.GARZA@sakilacustomer.org,228,f
225,ARLENE,HARVEY,ARLENE.HARVEY@sakilacustomer.org,229,t
226,MAUREEN,LITTLE,MAUREEN.LITTLE@sakilacustomer.org,230,f
227,COLLEEN,BURTON,COLLEEN.BURTON@sakilacustomer.org,231,t
228,ALLISON,STANLEY,ALLISON.STANLEY@sakilacustomer.org,232,t
229,TAMARA,NGUYEN,TAMARA.NGUYEN@sakilacustomer.org,233,t
230,JOY,GEORGE,JOY.GEORGE@sakilacustomer.org,234,t
231,GEORGIA,JACOBS,GEORGIA.JACOBS@sakilacustomer.org,235,t
232,CONSTANCE,REID,CONSTANCE.REID@sakilacustomer.org,236,t
233,LILLIE,KIM,LILLIE.KIM@sakilacustomer.org,237,t
234,CLAUDIA,FULLER,CLAUDIA.FULLER@sakilacustomer.org,238,t
235,JACKIE,LYNCH,JACKIE.LYNCH@sakilacustomer.org,239,f
236,MARCIA,DEAN,MARCIA.DEAN@sakilacustomer.org,240,f
237,TANYA,GILBERT,TANYA.GILBERT@sakilacustomer.org,241,t
238,NELLIE,GARRETT,NELLIE.GARRETT@sakilacustomer.org,242,f
239,MINNIE,ROMERO,MINNIE.ROMERO@sakilacustomer.org,243,t
240,MARLENE,WELCH,MARLENE.WELCH@sakilacustomer.org,244,t
241,HEIDI,LARSON,HEIDI.LARSON@sakilacustomer.org,245,t
242,GLENDA,FRAZIER,GLENDA.FRAZIER@sakilacustomer.org,246,t
243,LYDIA,BURKE,LYDIA.BURKE@sakilacustomer.org,247,t
244,VIOLA,HANSON,VIOLA.HANSON@sakilacustomer.org,248,t
245,COURTNEY,DAY,COURTNEY.DAY@sakilacustomer.org,249,t
246,MARIAN,MENDOZA,MARIAN.MENDOZA@sakilacustomer.org,250,t
247,STELLA,MORENO,STELLA.MORENO@sakilacustomer.org,251,t
248,CAROLINE,BOWMAN,CAROLINE.BOWMAN@sakilacustomer.org,252,t
249,DORA,MEDINA,DORA.MEDINA@sakilacustomer.org,253,t
250,JO,FOWLER,JO.FOWLER@sakilacustomer.org,254,f
251,VICKIE,BREWER,VICKIE.BREWER@sakilacustomer.org,255,t
252,MATTIE,HOFFMAN,MATTIE.HOFFMAN@sakilacustomer.org,256,t
253,TERRY,CARLSON,TERRY.CARLSON@sakilacustomer.org,258,t
254,MAXINE,SILVA,MAXINE.SILVA@sakilacustomer.org,259,t
255,IRMA,PEARSON,IRMA.PEARSON@sakilacustomer.org,260,t
256,MABEL,HOLLAND,MABEL.HOLLAND@sakilacustomer.org,261,t
257,MARSHA,DOUGLAS,MARSHA.DOUGLAS@sakilacustomer.org,262,t
258,MYRTLE,FLEMING,MYRTLE.FLEMING@sakilacustomer.org,263,t
259,LENA,JENSEN,LENA.JENSEN@sakilacustomer.org,264,t
260,CHRISTY,VARGAS,CHRISTY.VARGAS@sakilacustomer.org,265,t
261,DEANNA,BYRD,DEANNA.BYRD@sakilacustomer.org,266,t
262,PATSY,DAVIDSON,PATSY.DAVIDSON@sakilacustomer.org,267,t
263,HILDA,HOPKINS,HILDA.HOPKINS@sakilacustomer.org,268,t
264,GWENDOLYN,MAY,GWENDOLYN.MAY@sakilacustomer.org,269,f
265,JENNIE,TERRY,JENNIE.TERRY@sakilacustomer.org,270,t
266,NORA,HERRERA,NORA.HERRERA@sakilacustomer.org,271,t
267,MARGIE,WADE,MARGIE.WADE@sakilacustomer.org,272,f
268,NINA,SOTO,NINA.SOTO@sakilacustomer.org,273,t
269,CASSANDRA,WALTERS,CASSANDRA.WALTERS@sakilacustomer.org,274,f
270,LEAH,CURTIS,LEAH.CURTIS@sakilacustomer.org,275,f
271,PENNY,NEAL,PENNY.NEAL@sakilacustomer.org,276,t
272,KAY,CALDWELL,KAY.CALDWELL@sakilacustomer.org,277,t
273,PRISCILLA,LOWE,PRISCILLA.LOWE@sakilacustomer.org,278,t
274,NAOMI,JENNINGS,NAOMI.JENNINGS@sakilacustomer.org,279,t
275,CAROLE,BARNETT,CAROLE.BARNETT@sakilacustomer.org,280,f
276,BRANDY,GRAVES,BRANDY.GRAVES@sakilacustomer.org,281,t
277,OLGA,JIMENEZ,OLGA.JIMENEZ@sakilacustomer.org,282,t
278,BILLIE,HORTON,BILLIE.HORTON@sakilacustomer.org,283,t
279,DIANNE,SHELTON,DIANNE.SHELTON@sakilacustomer.org,284,t
280,TRACEY,BARRETT,TRACEY.BARRETT@sakilacustomer.org,285,t
281,LEONA,OBRIEN,LEONA.OBRIEN@sakilacustomer.org,286,t
282,JENNY,CASTRO,JENNY.CASTRO@sakilacustomer.org,287,t
283,FELICIA,SUTTON,FELICIA.SUTTON@sakilacustomer.org,288,t
284,SONIA,GREGORY,SONIA.GREGORY@sakilacustomer.org,289,f
285,MIRIAM,MCKINNEY,MIRIAM.MCKINNEY@sakilacustomer.org,290,t
286,VELMA,LUCAS,VELMA.LUCAS@sakilacustomer.org,291,t
287,BECKY,MILES,BECKY.MILES@sakilacustomer.org,292,t
288,BOBBIE,CRAIG,BOBBIE.CRAIG@sakilacustomer.org,293,t
289,VIOLET,RODRIQUEZ,VIOLET.RODRIQUEZ@sakilacustomer.org,294,t
290,KRISTINA,CHAMBERS,KRISTINA.CHAMBERS@sakilacustomer.org,295,t
291,TONI,HOLT,TONI.HOLT@sakilacustomer.org,296,f
292,MISTY,LAMBERT,MISTY.LAMBERT@sakilacustomer.org,297,t
293,MAE,FLETCHER,MAE.FLETCHER@sakilacustomer.org,298,t
294,SHELLY,WATTS,SHELLY.WATTS@sakilacustomer.org,299,t
295,DAISY,BATES,DAISY.BATES@sakilacustomer.org,300,t
296,RAMONA,HALE,RAMONA.HALE@sakilacustomer.org,301,t
297,SHERRI,RHODES,SHERRI.RHODES@sakilacustomer.org,302,t
298,ERIKA,PENA,ERIKA.PENA@sakilacustomer.org,303,t
299,JAMES,GANNON,JAMES.GANNON@sakilacustomer.org,304,t
300,JOHN,FARNSWORTH,JOHN.FARNSWORTH@sakilacustomer.org,305,t
301,ROBERT,BAUGHMAN,ROBERT.BAUGHMAN@sakilacustomer.org,306,t
302,MICHAEL,SILVERMAN,MICHAEL.SILVERMAN@sakilacustomer.org,307,t
303,WILLIAM,SATTERFIELD,WILLIAM.SATTERFIELD@sakilacustomer.org,308,t
304,DAVID,ROYAL,DAVID.ROYAL@sakilacustomer.org,309,t
305,RICHARD,MCCRARY,RICHARD.MCCRARY@sakilacustomer.org,310,f
306,CHARLES,KOWALSKI,CHARLES.KOWALSKI@sakilacustomer.org,311,f
307,JOSEPH,JOY,JOSEPH.JOY@sakilacustomer.org,312,t
308,THOMAS,GRIGSBY,THOMAS.GRIGSBY@sakilacustomer.org,313,t
309,CHRISTOPHER,GRECO,CHRISTOPHER.GRECO@sakilacustomer.org,314,t
310,DANIEL,CABRAL,DANIEL.CABRAL@sakilacustomer.org,315,t
311,PAUL,TROUT,PAUL.TROUT@sakilacustomer.org,316,t
312,MARK,RINEHART,MARK.RINEHART@sakilacustomer.org,317,f
313,DONALD,MAHON,DONALD.MAHON@sakilacustomer.org,318,t
314,GEORGE,LINTON,GEORGE.LINTON@sakilacustomer.org,319,t
315,KENNETH,GOODEN,KENNETH.GOODEN@sakilacustomer.org,320,t
316,STEVEN,CURLEY,STEVEN.CURLEY@sakilacustomer.org,321,f
317,EDWARD,BAUGH,EDWARD.BAUGH@sakilacustomer.org,322,t
318,BRIAN,WYMAN,BRIAN.WYMAN@sakilacustomer.org,323,t
319,RONALD,WEINER,RONALD.WEINER@sakilacustomer.org,324,f
320,ANTHONY,SCHWAB,ANTHONY.SCHWAB@sakilacustomer.org,325,f
321,KEVIN,SCHULER,KEVIN.SCHULER@sakilacustomer.org,326,t
322,JASON,MORRISSEY,JASON.MORRISSEY@sakilacustomer.org,327,t
323,MATTHEW,MAHAN,MATTHEW.MAHAN@sakilacustomer.org,328,t
324,GARY,COY,GARY.COY@sakilacustomer.org,329,t
325,TIMOTHY,BUNN,TIMOTHY.BUNN@sakilacustomer.org,330,t
326,JOSE,ANDREW,JOSE.ANDREW@sakilacustomer.org,331,f
327,LARRY,THRASHER,LARRY.THRASHER@sakilacustomer.org,332,t
328,JEFFREY,SPEAR,JEFFREY.SPEAR@sakilacustomer.org,333,f
329,FRANK,WAGGONER,FRANK.WAGGONER@sakilacustomer.org,334,t
330,SCOTT,SHELLEY,SCOTT.SHELLEY@sakilacustomer.org,335,t
331,ERIC,ROBERT,ERIC.ROBERT@sakilacustomer.org,336,f
332,STEPHEN,QUALLS,STEPHEN.QUALLS@sakilacustomer.org,337,t
333,ANDREW,PURDY,ANDREW.PURDY@sakilacustomer.org,338,t
334,RAYMOND,MCWHORTER,RAYMOND.MCWHORTER@sakilacustomer.org,339,t
335,GREGORY,MAULDIN,GREGORY.MAULDIN@sakilacustomer.org,340,t
336,JOSHUA,MARK,JOSHUA.MARK@sakilacustomer.org,341,t
337,JERRY,JORDON,JERRY.JORDON@sakilacustomer.org,342,t
338,DENNIS,GILMAN,DENNIS.GILMAN@sakilacustomer.org,343,t
339,WALTER,PERRYMAN,WALTER.PERRYMAN@sakilacustomer.org,344,f
340,PATRICK,NEWSOM,PATRICK.NEWSOM@sakilacustomer.org,345,t
341,PETER,MENARD,PETER.MENARD@sakilacustomer.org,346,t
342,HAROLD,MARTINO,HAROLD.MARTINO@sakilacustomer.org,347,t
343,DOUGLAS,GRAF,DOUGLAS.GRAF@sakilacustomer.org,348,t
344,HENRY,BILLINGSLEY,HENRY.BILLINGSLEY@sakilacustomer.org,349,t
345,CARL,ARTIS,CARL.ARTIS@sakilacustomer.org,350,t
346,ARTHUR,SIMPKINS,ARTHUR.SIMPKINS@sakilacustomer.org,351,t
347,RYAN,SALISBURY,RYAN.SALISBURY@sakilacustomer.org,352,f
348,ROGER,QUINTANILLA,ROGER.QUINTANILLA@sakilacustomer.org,353,t
349,JOE,GILLILAND,JOE.GILLILAND@sakilacustomer.org,354,f
350,JUAN,FRALEY,JUAN.FRALEY@sakilacustomer.org,355,f
351,JACK,FOUST,JACK.FOUST@sakilacustomer.org,356,t
352,ALBERT,CROUSE,ALBERT.CROUSE@sakilacustomer.org,357,t
353,JONATHAN,SCARBOROUGH,JONATHAN.SCARBOROUGH@sakilacustomer.org,358,t
354,JUSTIN,NGO,JUSTIN.NGO@sakilacustomer.org,359,t
355,TERRY,GRISSOM,TERRY.GRISSOM@sakilacustomer.org,360,t
356,GERALD,FULTZ,GERALD.FULTZ@sakilacustomer.org,361,t
357,KEITH,RICO,KEITH.RICO@sakilacustomer.org,362,t
358,SAMUEL,MARLOW,SAMUEL.MARLOW@sakilacustomer.org,363,f
359,WILLIE,MARKHAM,WILLIE.MARKHAM@sakilacustomer.org,364,t
360,RALPH,MADRIGAL,RALPH.MADRIGAL@sakilacustomer.org,365,t
361,LAWRENCE,LAWTON,LAWRENCE.LAWTON@sakilacustomer.org,366,t
362,NICHOLAS,BARFIELD,NICHOLAS.BARFIELD@sakilacustomer.org,367,t
363,ROY,WHITING,ROY.WHITING@sakilacustomer.org,368,t
364,BENJAMIN,VARNEY,BENJAMIN.VARNEY@sakilacustomer.org,369,f
365,BRUCE,SCHWARZ,BRUCE.SCHWARZ@sakilacustomer.org,370,t
366,BRANDON,HUEY,BRANDON.HUEY@sakilacustomer.org,371,t
367,ADAM,GOOCH,ADAM.GOOCH@sakilacustomer.org,372,t
368,HARRY,ARCE,HARRY.ARCE@sakilacustomer.org,373,f
369,FRED,WHEAT,FRED.WHEAT@sakilacustomer.org,374,t
370,WAYNE,TRUONG,WAYNE.TRUONG@sakilacustomer.org,375,t
371,BILLY,POULIN,BILLY.POULIN@sakilacustomer.org,376,t
372,STEVE,MACKENZIE,STEVE.MACKENZIE@sakilacustomer.org,377,t
373,LOUIS,LEONE,LOUIS.LEONE@sakilacustomer.org,378,t
374,JEREMY,HURTADO,JEREMY.HURTADO@sakilacustomer.org,379,t
375,AARON,SELBY,AARON.SELBY@sakilacustomer.org,380,t
376,RANDY,GAITHER,RANDY.GAITHER@sakilacustomer.org,381,f
377,HOWARD,FORTNER,HOWARD.FORTNER@sakilacustomer.org,382,t
378,EUGENE,CULPEPPER,EUGENE.CULPEPPER@sakilacustomer.org,383,t
379,CARLOS,COUGHLIN,CARLOS.COUGHLIN@sakilacustomer.org,384,t
380,RUSSELL,BRINSON,RUSSELL.BRINSON@sakilacustomer.org,385,f
381,BOBBY,BOUDREAU,BOBBY.BOUDREAU@sakilacustomer.org,386,t
382,VICTOR,BARKLEY,VICTOR.BARKLEY@sakilacustomer.org,387,t
383,MARTIN,BALES,MARTIN.BALES@sakilacustomer.org,388,t
384,ERNEST,STEPP,ERNEST.STEPP@sakilacustomer.org,389,t
385,PHILLIP,HOLM,PHILLIP.HOLM@sakilacustomer.org,390,t
386,TODD,TAN,TODD.TAN@sakilacustomer.org,391,f
387,JESSE,SCHILLING,JESSE.SCHILLING@sakilacustomer.org,392,t
388,CRAIG,MORRELL,CRAIG.MORRELL@sakilacustomer.org,393,f
389,ALAN,KAHN,ALAN.KAHN@sakilacustomer.org,394,t
390,SHAWN,HEATON,SHAWN.HEATON@sakilacustomer.org,395,t
391,CLARENCE,GAMEZ,CLARENCE.GAMEZ@sakilacustomer.org,396,f
392,SEAN,DOUGLASS,SEAN.DOUGLASS@sakilacustomer.org,397,t
393,PHILIP,CAUSEY,PHILIP.CAUSEY@sakilacustomer.org,398,t
394,CHRIS,BROTHERS,CHRIS.BROTHERS@sakilacustomer.org,399,t
395,JOHNNY,TURPIN,JOHNNY.TURPIN@sakilacustomer.org,400,t
396,EARL,SHANKS,EARL.SHANKS@sakilacustomer.org,401,t
397,JIMMY,SCHRADER,JIMMY.SCHRADER@sakilacustomer.org,402,f
398,ANTONIO,MEEK,ANTONIO.MEEK@sakilacustomer.org,403,f
399,DANNY,ISOM,DANNY.ISOM@sakilacustomer.org,404,t
400,BRYAN,HARDISON,BRYAN.HARDISON@sakilacustomer.org,405,t
401,TONY,CARRANZA,TONY.CARRANZA@sakilacustomer.org,406,t
402,LUIS,YANEZ,LUIS.YANEZ@sakilacustomer.org,407,t
403,MIKE,WAY,MIKE.WAY@sakilacustomer.org,408,t
404,STANLEY,SCROGGINS,STANLEY.SCROGGINS@sakilacustomer.org,409,t
405,LEONARD,SCHOFIELD,LEONARD.SCHOFIELD@sakilacustomer.org,410,f
406,NATHAN,RUNYON,NATHAN.RUNYON@sakilacustomer.org,411,t
407,DALE,RATCLIFF,DALE.RATCLIFF@sakilacustomer.org,412,f
408,MANUEL,MURRELL,MANUEL.MURRELL@sakilacustomer.org,413,t
409,RODNEY,MOELLER,RODNEY.MOELLER@sakilacustomer.org,414,t
410,CURTIS,IRBY,CURTIS.IRBY@sakilacustomer.org,415,t
411,NORMAN,CURRIER,NORMAN.CURRIER@sakilacustomer.org,416,t
412,ALLEN,BUTTERFIELD,ALLEN.BUTTERFIELD@sakilacustomer.org,417,t
413,MARVIN,YEE,MARVIN.YEE@sakilacustomer.org,418,t
414,VINCENT,RALSTON,VINCENT.RALSTON@sakilacustomer.org,419,t
415,GLENN,PULLEN,GLENN.PULLEN@sakilacustomer.org,420,t
416,JEFFERY,PINSON,JEFFERY.PINSON@sakilacustomer.org,421,t
417,TRAVIS,ESTEP,TRAVIS.ESTEP@sakilacustomer.org,422,t
418,JEFF,EAST,JEFF.EAST@sakilacustomer.org,423,t
419,CHAD,CARBONE,CHAD.CARBONE@sakilacustomer.org,424,t
420,JACOB,LANCE,JACOB.LANCE@sakilacustomer.org,425,t
421,LEE,HAWKS,LEE.HAWKS@sakilacustomer.org,426,t
422,MELVIN,ELLINGTON,MELVIN.ELLINGTON@sakilacustomer.org,427,t
423,ALFRED,CASILLAS,ALFRED.CASILLAS@sakilacustomer.org,428,f
424,KYLE,SPURLOCK,KYLE.SPURLOCK@sakilacustomer.org,429,f
425,FRANCIS,SIKES,FRANCIS.SIKES@sakilacustomer.org,430,t
426,BRADLEY,MOTLEY,BRADLEY.MOTLEY@sakilacustomer.org,431,t
427,JESUS,MCCARTNEY,JESUS.MCCARTNEY@sakilacustomer.org,432,t
428,HERBERT,KRUGER,HERBERT.KRUGER@sakilacustomer.org,433,t
429,FREDERICK,ISBELL,FREDERICK.ISBELL@sakilacustomer.org,434,t
430,RAY,HOULE,RAY.HOULE@sakilacustomer.org,435,t
431,JOEL,FRANCISCO,JOEL.FRANCISCO@sakilacustomer.org,436,t
432,EDWIN,BURK,EDWIN.BURK@sakilacustomer.org,437,t
433,DON,BONE,DON.BONE@sakilacustomer.org,438,t
434,EDDIE,TOMLIN,EDDIE.TOMLIN@sakilacustomer.org,439,t
435,RICKY,SHELBY,RICKY.SHELBY@sakilacustomer.org,440,f
436,TROY,QUIGLEY,TROY.QUIGLEY@sakilacustomer.org,441,t
437,RANDALL,NEUMANN,RANDALL.NEUMANN@sakilacustomer.org,442,t
438,BARRY,LOVELACE,BARRY.LOVELACE@sakilacustomer.org,443,t
439,ALEXANDER,FENNELL,ALEXANDER.FENNELL@sakilacustomer.org,444,t
440,BERNARD,COLBY,BERNARD.COLBY@sakilacustomer.org,445,t
441,MARIO,CHEATHAM,MARIO.CHEATHAM@sakilacustomer.org,446,t
442,LEROY,BUSTAMANTE,LEROY.BUSTAMANTE@sakilacustomer.org,447,f
443,FRANCISCO,SKIDMORE,FRANCISCO.SKIDMORE@sakilacustomer.org,448,t
444,MARCUS,HIDALGO,MARCUS.HIDALGO@sakilacustomer.org,449,f
445,MICHEAL,FORMAN,MICHEAL.FORMAN@sakilacustomer.org,450,t
446,THEODORE,CULP,THEODORE.CULP@sakilacustomer.org,451,t
447,CLIFFORD,BOWENS,CLIFFORD.BOWENS@sakilacustomer.org,452,t
448,MIGUEL,BETANCOURT,MIGUEL.BETANCOURT@sakilacustomer.org,453,f
449,OSCAR,AQUINO,OSCAR.AQUINO@sakilacustomer.org,454,t
450,JAY,ROBB,JAY.ROBB@sakilacustomer.org,455,t
451,JIM,REA,JIM.REA@sakilacustomer.org,456,t
452,TOM,MILNER,TOM.MILNER@sakilacustomer.org,457,t
453,CALVIN,MARTEL,CALVIN.MARTEL@sakilacustomer.org,458,t
454,ALEX,GRESHAM,ALEX.GRESHAM@sakilacustomer.org,459,t
455,JON,WILES,JON.WILES@sakilacustomer.org,460,t
456,RONNIE,RICKETTS,RONNIE.RICKETTS@sakilacustomer.org,461,t
457,BILL,GAVIN,BILL.GAVIN@sakilacustomer.org,462,t
458,LLOYD,DOWD,LLOYD.DOWD@sakilacustomer.org,463,t
459,TOMMY,COLLAZO,TOMMY.COLLAZO@sakilacustomer.org,464,f
460,LEON,BOSTIC,LEON.BOSTIC@sakilacustomer.org,465,f
461,DEREK,BLAKELY,DEREK.BLAKELY@sakilacustomer.org,466,t
462,WARREN,SHERROD,WARREN.SHERROD@sakilacustomer.org,467,t
463,DARRELL,POWER,DARRELL.POWER@sakilacustomer.org,468,f
464,JEROME,KENYON,JEROME.KENYON@sakilacustomer.org,469,t
465,FLOYD,GANDY,FLOYD.GANDY@sakilacustomer.org,470,t
466,LEO,EBERT,LEO.EBERT@sakilacustomer.org,471,t
467,ALVIN,DELOACH,ALVIN.DELOACH@sakilacustomer.org,472,t
468,TIM,CARY,TIM.CARY@sakilacustomer.org,473,t
469,WESLEY,BULL,WESLEY.BULL@sakilacustomer.org,474,t
470,GORDON,ALLARD,GORDON.ALLARD@sakilacustomer.org,475,f
471,DEAN,SAUER,DEAN.SAUER@sakilacustomer.org,476,t
472,GREG,ROBINS,GREG.ROBINS@sakilacustomer.org,477,t
473,JORGE,OLIVARES,JORGE.OLIVARES@sakilacustomer.org,478,f
474,DUSTIN,GILLETTE,DUSTIN.GILLETTE@sakilacustomer.org,479,f
475,PEDRO,CHESTNUT,PEDRO.CHESTNUT@sakilacustomer.org,480,t
476,DERRICK,BOURQUE,DERRICK.BOURQUE@sakilacustomer.org,481,t
477,DAN,PAINE,DAN.PAINE@sakilacustomer.org,482,t
478,LEWIS,LYMAN,LEWIS.LYMAN@sakilacustomer.org,483,f
479,ZACHARY,HITE,ZACHARY.HITE@sakilacustomer.org,484,t
480,COREY,HAUSER,COREY.HAUSER@sakilacustomer.org,485,t
481,HERMAN,DEVORE,HERMAN.DEVORE@sakilacustomer.org,486,t
482,MAURICE,CRAWLEY,MAURICE.CRAWLEY@sakilacustomer.org,487,t
483,VERNON,CHAPA,VERNON.CHAPA@sakilacustomer.org,488,f
484,ROBERTO,VU,ROBERTO.VU@sakilacustomer.org,489,t
485,CLYDE,TOBIAS,CLYDE.TOBIAS@sakilacustomer.org,490,f
486,GLEN,TALBERT,GLEN.TALBERT@sakilacustomer.org,491,t
487,HECTOR,POINDEXTER,HECTOR.POINDEXTER@sakilacustomer.org,492,f
488,SHANE,MILLARD,SHANE.MILLARD@sakilacustomer.org,493,t
489,RICARDO,MEADOR,RICARDO.MEADOR@sakilacustomer.org,494,t
490,SAM,MCDUFFIE,SAM.MCDUFFIE@sakilacustomer.org,495,t
491,RICK,MATTOX,RICK.MATTOX@sakilacustomer.org,496,f
492,LESTER,KRAUS,LESTER.KRAUS@sakilacustomer.org,497,t
493,BRENT,HARKINS,BRENT.HARKINS@sakilacustomer.org,498,f
494,RAMON,CHOATE,RAMON.CHOATE@sakilacustomer.org,499,t
495,CHARLIE,BESS,CHARLIE.BESS@sakilacustomer.org,500,t
496,TYLER,WREN,TYLER.WREN@sakilacustomer.org,501,t
497,GILBERT,SLEDGE,GILBERT.SLEDGE@sakilacustomer.org,502,t
498,GENE,SANBORN,GENE.SANBORN@sakilacustomer.org,503,t
499,MARC,OUTLAW,MARC.OUTLAW@sakilacustomer.org,504,t
500,REGINALD,KINDER,REGINALD.KINDER@sakilacustomer.org,505,t
501,RUBEN,GEARY,RUBEN.GEARY@sakilacustomer.org,506,t
502,BRETT,CORNWELL,BRETT.CORNWELL@sakilacustomer.org,507,t
503,ANGEL,BARCLAY,ANGEL.BARCLAY@sakilacustomer.org,508,t
504,NATHANIEL,ADAM,NATHANIEL.ADAM@sakilacustomer.org,509,f
505,RAFAEL,ABNEY,RAFAEL.ABNEY@sakilacustomer.org,510,t
506,LESLIE,SEWARD,LESLIE.SEWARD@sakilacustomer.org,511,f
507,EDGAR,RHOADS,EDGAR.RHOADS@sakilacustomer.org,512,t
508,MILTON,HOWLAND,MILTON.HOWLAND@sakilacustomer.org,513,t
509,RAUL,FORTIER,RAUL.FORTIER@sakilacustomer.org,514,f
510,BEN,EASTER,BEN.EASTER@sakilacustomer.org,515,t
511,CHESTER,BENNER,CHESTER.BENNER@sakilacustomer.org,516,t
512,CECIL,VINES,CECIL.VINES@sakilacustomer.org,517,t
513,DUANE,TUBBS,DUANE.TUBBS@sakilacustomer.org,519,t
514,FRANKLIN,TROUTMAN,FRANKLIN.TROUTMAN@sakilacustomer.org,520,t
515,ANDRE,RAPP,ANDRE.RAPP@sakilacustomer.org,521,t
516,ELMER,NOE,ELMER.NOE@sakilacustomer.org,522,t
517,BRAD,MCCURDY,BRAD.MCCURDY@sakilacustomer.org,523,t
518,GABRIEL,HARDER,GABRIEL.HARDER@sakilacustomer.org,524,t
519,RON,DELUCA,RON.DELUCA@sakilacustomer.org,525,t
520,MITCHELL,WESTMORELAND,MITCHELL.WESTMORELAND@sakilacustomer.org,526,t
521,ROLAND,SOUTH,ROLAND.SOUTH@sakilacustomer.org,527,f
522,ARNOLD,HAVENS,ARNOLD.HAVENS@sakilacustomer.org,528,f
523,HARVEY,GUAJARDO,HARVEY.GUAJARDO@sakilacustomer.org,529,f
524,JARED,ELY,JARED.ELY@sakilacustomer.org,530,t
525,ADRIAN,CLARY,ADRIAN.CLARY@sakilacustomer.org,531,t
526,KARL,SEAL,KARL.SEAL@sakilacustomer.org,532,t
527,CORY,MEEHAN,CORY.MEEHAN@sakilacustomer.org,533,t
528,CLAUDE,HERZOG,CLAUDE.HERZOG@sakilacustomer.org,534,f
529,ERIK,GUILLEN,ERIK.GUILLEN@sakilacustomer.org,535,t
530,DARRYL,ASHCRAFT,DARRYL.ASHCRAFT@sakilacustomer.org,536,t
531,JAMIE,WAUGH,JAMIE.WAUGH@sakilacustomer.org,537,f
532,NEIL,RENNER,NEIL.RENNER@sakilacustomer.org,538,t
533,JESSIE,MILAM,JESSIE.MILAM@sakilacustomer.org,539,t
534,CHRISTIAN,JUNG,CHRISTIAN.JUNG@sakilacustomer.org,540,t
535,JAVIER,ELROD,JAVIER.ELROD@sakilacustomer.org,541,t
536,FERNANDO,CHURCHILL,FERNANDO.CHURCHILL@sakilacustomer.org,542,t
537,CLINTON,BUFORD,CLINTON.BUFORD@sakilacustomer.org,543,t
538,TED,BREAUX,TED.BREAUX@sakilacustomer.org,544,t
539,MATHEW,BOLIN,MATHEW.BOLIN@sakilacustomer.org,545,t
540,TYRONE,ASHER,TYRONE.ASHER@sakilacustomer.org,546,t
541,DARREN,WINDHAM,DARREN.WINDHAM@sakilacustomer.org,547,t
542,LONNIE,TIRADO,LONNIE.TIRADO@sakilacustomer.org,548,f
543,LANCE,PEMBERTON,LANCE.PEMBERTON@sakilacustomer.org,549,t
544,CODY,NOLEN,CODY.NOLEN@sakilacustomer.org,550,t
545,JULIO,NOLAND,JULIO.NOLAND@sakilacustomer.org,551,t
546,KELLY,KNOTT,KELLY.KNOTT@sakilacustomer.org,552,t
547,KURT,EMMONS,KURT.EMMONS@sakilacustomer.org,553,t
548,ALLAN,CORNISH,ALLAN.CORNISH@sakilacustomer.org,554,t
549,NELSON,CHRISTENSON,NELSON.CHRISTENSON@sakilacustomer.org,555,t
550,GUY,BROWNLEE,GUY.BROWNLEE@sakilacustomer.org,556,t
551,CLAYTON,BARBEE,CLAYTON.BARBEE@sakilacustomer.org,557,f
552,HUGH,WALDROP,HUGH.WALDROP@sakilacustomer.org,558,t
553,MAX,PITT,MAX.PITT@sakilacustomer.org,559,t
554,DWAYNE,OLVERA,DWAYNE.OLVERA@sakilacustomer.org,560,t
555,DWIGHT,LOMBARDI,DWIGHT.LOMBARDI@sakilacustomer.org,561,t
556,ARMANDO,GRUBER,ARMANDO.GRUBER@sakilacustomer.org,562,t
557,FELIX,GAFFNEY,FELIX.GAFFNEY@sakilacustomer.org,563,f
558,JIMMIE,EGGLESTON,JIMMIE.EGGLESTON@sakilacustomer.org,564,t
559,EVERETT,BANDA,EVERETT.BANDA@sakilacustomer.org,565,f
560,JORDAN,ARCHULETA,JORDAN.ARCHULETA@sakilacustomer.org,566,t
561,IAN,STILL,IAN.STILL@sakilacustomer.org,567,t
562,WALLACE,SLONE,WALLACE.SLONE@sakilacustomer.org,568,t
563,KEN,PREWITT,KEN.PREWITT@sakilacustomer.org,569,t
564,BOB,PFEIFFER,BOB.PFEIFFER@sakilacustomer.org,570,t
565,JAIME,NETTLES,JAIME.NETTLES@sakilacustomer.org,571,t
566,CASEY,MENA,CASEY.MENA@sakilacustomer.org,572,t
567,ALFREDO,MCADAMS,ALFREDO.MCADAMS@sakilacustomer.org,573,t
568,ALBERTO,HENNING,ALBERTO.HENNING@sakilacustomer.org,574,t
569,DAVE,GARDINER,DAVE.GARDINER@sakilacustomer.org,575,t
570,IVAN,CROMWELL,IVAN.CROMWELL@sakilacustomer.org,576,t
571,JOHNNIE,CHISHOLM,JOHNNIE.CHISHOLM@sakilacustomer.org,577,t
572,SIDNEY,BURLESON,SIDNEY.BURLESON@sakilacustomer.org,578,t
573,BYRON,BOX,BYRON.BOX@sakilacustomer.org,579,f
574,JULIAN,VEST,JULIAN.VEST@sakilacustomer.org,580,t
575,ISAAC,OGLESBY,ISAAC.OGLESBY@sakilacustomer.org,581,t
576,MORRIS,MCCARTER,MORRIS.MCCARTER@sakilacustomer.org,582,t
577,CLIFTON,MALCOLM,CLIFTON.MALCOLM@sakilacustomer.org,583,t
578,WILLARD,LUMPKIN,WILLARD.LUMPKIN@sakilacustomer.org,584,t
579,DARYL,LARUE,DARYL.LARUE@sakilacustomer.org,585,t
580,ROSS,GREY,ROSS.GREY@sakilacustomer.org,586,t
581,VIRGIL,WOFFORD,VIRGIL.WOFFORD@sakilacustomer.org,587,t
582,ANDY,VANHORN,ANDY.VANHORN@sakilacustomer.org,588,f
583,MARSHALL,THORN,MARSHALL.THORN@sakilacustomer.org,589,t
584,SALVADOR,TEEL,SALVADOR.TEEL@sakilacustomer.org,590,t
585,PERRY,SWAFFORD,PERRY.SWAFFORD@sakilacustomer.org,591,t
586,KIRK,STCLAIR,KIRK.STCLAIR@sakilacustomer.org,592,t
587,SERGIO,STANFIELD,SERGIO.STANFIELD@sakilacustomer.org,593,f
588,MARION,OCAMPO,MARION.OCAMPO@sakilacustomer.org,594,f
589,TRACY,HERRMANN,TRACY.HERRMANN@sakilacustomer.org,595,t
590,SETH,HANNON,SETH.HANNON@sakilacustomer.org,596,t
591,KENT,ARSENAULT,KENT.ARSENAULT@sakilacustomer.org,597,t
592,TERRANCE,ROUSH,TERRANCE.ROUSH@sakilacustomer.org,598,f
593,RENE,MCALISTER,RENE.MCALISTER@sakilacustomer.org,599,t
594,EDUARDO,HIATT,EDUARDO.HIATT@sakilacustomer.org,600,f
595,TERRENCE,GUNDERSON,TERRENCE.GUNDERSON@sakilacustomer.org,601,f
596,ENRIQUE,FORSYTHE,ENRIQUE.FORSYTHE@sakilacustomer.org,602,t
597,FREDDIE,DUGGAN,FREDDIE.DUGGAN@sakilacustomer.org,603,t
598,WADE,DELVALLE,WADE.DELVALLE@sakilacustomer.org,604,t
599,AUSTIN,CINTRON,AUSTIN.CINTRON@sakilacustomer.org,605,t
